municipality,roll_no_txt,civic_address,dwelling_units,classes,event_year,kind,confidence,buildings,buildings_prev,gain,is_primary,legal_description
500 - CITY OF BRANDON,514794.000,2 QUAIL RIDGE DR,132,R2,2027,expanded,low,22361100,2074900,20286200,TRUE,DESC 2--72110
550 - CITY OF PORTAGE LA PRAIRIE,341925.000,1120 DUFFERIN AVE E,118,R1|R2,2027,appeared,high,17782300,0,17782300,TRUE,2--64028
550 - CITY OF PORTAGE LA PRAIRIE,19300.000,1525 SASKATCHEWAN AVE W,54,OTHER|R2,2027,appeared,high,8456500,0,8456500,TRUE,140/145--15
500 - CITY OF BRANDON,235598.000,4110 VICTORIA AVE,24,OTHER|R2,2027,appeared,med,7273600,34400,7239200,TRUE,DESC 1/3-4-269
351 - TOWN OF STE. ANNE,64000.000,290 NORMANDEAU AVE,52,R2,2027,appeared,high,7017300,0,7017300,TRUE,36--72021
463 - CITY OF WINKLER,203356.000,445 NORTHLANDS PKY,120,R2,2027,expanded,low,17586100,10770300,6815800,TRUE,-1-62132
451 - CITY OF STEINBACH,45140.000,60 MCKENZIE,45,R2,2027,appeared,high,6511700,0,6511700,TRUE,3-1-16260
165 - RM OF RITCHOT,294940.000,1039 OLD PTH 59,36,R1|R2,2027,appeared,med,6694000,186200,6507800,TRUE,3--57061
500 - CITY OF BRANDON,946335.000,Unit B - 2211 PORTOLA DR,36,R2,2027,appeared,high,5893400,0,5893400,TRUE,2-71619
451 - CITY OF STEINBACH,1473.000,49 MARKET BLVD,36,R2,2027,appeared,high,5752300,0,5752300,TRUE,2--73852
500 - CITY OF BRANDON,946327.000,Unit A - 2211 PORTOLA DR,36,R2,2027,appeared,high,5746700,0,5746700,TRUE,1-71619
165 - RM OF RITCHOT,203400.000,420 MAIN ST,30,R2,2027,appeared,high,5478900,0,5478900,TRUE,1--70228
500 - CITY OF BRANDON,217349.000,353 16TH ST N,24,INST,2027,appeared,high,4573500,0,4573500,TRUE,1/14-8-228
451 - CITY OF STEINBACH,1475.000,55 MARKET BLVD,24,R2,2027,appeared,high,3583600,0,3583600,TRUE,2--72532
451 - CITY OF STEINBACH,426568.000,73 ESSEX DR,24,R2,2027,appeared,high,3329500,0,3329500,TRUE,DESC B--74043
451 - CITY OF STEINBACH,426556.000,63 ESSEX DR,24,R2,2027,appeared,high,3276800,0,3276800,TRUE,DESC A--74043
451 - CITY OF STEINBACH,101800.000,593 MAIN ST,20,R2,2027,appeared,high,3030500,0,3030500,TRUE,DESC D&E&F--45071
451 - CITY OF STEINBACH,22610.000,85 FIRST ST,18,R2,2027,appeared,high,2515300,0,2515300,TRUE,DESC A--75125
451 - CITY OF STEINBACH,4000.000,135 MAPLEWOOD ST,24,R2,2027,appeared,high,2466800,0,2466800,TRUE,3--68685
447 - CITY OF SELKIRK,48900.000,233 EVELINE ST,10,R1,2027,appeared,high,2457600,0,2457600,TRUE,DESC 3--9327L
451 - CITY OF STEINBACH,46000.020,206 BRANDT ST,15,R1|R2,2027,appeared,high,2325200,0,2325200,TRUE,2-1-12257
451 - CITY OF STEINBACH,46000.000,208 BRANDT ST,15,R1|R2,2027,appeared,high,2307900,0,2307900,TRUE,1-1-12257
152 - RM OF MORRIS,205345.000,20 SPARK ST,18,R1|R2,2027,appeared,high,2119400,0,2119400,TRUE,3-4-71256
205 - MUNICIPALITY OF DELORAINE-WINCHESTER,31200.000,,18,INST|OTHER,2027,expanded,low,2338800,454200,1884600,TRUE,2--43938
351 - TOWN OF STE. ANNE,10407.000,39 FALCON BAY,15,R1|R2,2027,appeared,high,1810200,0,1810200,TRUE,8--72367
451 - CITY OF STEINBACH,19270.000,188 LUND RD,10,R2,2027,appeared,high,1684800,0,1684800,TRUE,8--67258
500 - CITY OF BRANDON,81299.000,759A - 759B 6TH ST,9,R1|R2,2027,expanded,low,1636900,163200,1473700,TRUE,28/30-60-8
500 - CITY OF BRANDON,82651.000,512 7TH ST,8,R1|R2,2027,appeared,high,1391500,0,1391500,TRUE,11/12-74-8
500 - CITY OF BRANDON,514166.000,1321 13TH ST,27,INST|OTHER|R2,2027,expanded,low,2783700,1417800,1365900,TRUE,1-22352
560 - CITY OF THOMPSON,233300.000,274 PRINCETON DR,77,R2,2027,expanded,low,3731100,2404800,1326300,TRUE,1-175-847
146 - RM OF MACDONALD,447150.000,COUNTRY VISTA DR,4,R2,2027,appeared,high,1289600,0,1289600,TRUE,4--71361
550 - CITY OF PORTAGE LA PRAIRIE,150700.000,59 3RD ST NW,6,R1|R2,2027,appeared,high,1223800,0,1223800,TRUE,DESC 68/69--18
168 - RM OF ROCKWOOD,75000.000,166 DUFFERIN DR,10,R1|R2,2027,expanded,low,1441200,218300,1222900,TRUE,1--41036
616 - LGD OF PINAWA,15900.000,20 ALEXANDER AVE,17,R2,2027,expanded,low,1147600,74600,1073000,TRUE,1--25889
152 - RM OF MORRIS,205380.000,41 - 53 SPARK ST,7,R1|R2,2027,appeared,high,1042100,0,1042100,TRUE,4/5-5-71256
560 - CITY OF THOMPSON,51500.000,128 HEMLOCK CRES,12,OTHER|R2,2027,appeared,high,931100,0,931100,TRUE,1-33-743
401 - TOWN OF BEAUSEJOUR,78600.000,70 FIRST ST S,4,R1,2027,appeared,high,915700,0,915700,TRUE,DESC 2--9818
500 - CITY OF BRANDON,138552.000,617 17TH ST,12,R1|R2,2027,appeared,high,900900,0,900900,TRUE,4/7-9-16
152 - RM OF MORRIS,205360.000,69 - 73 SPARK ST,3,R1,2027,appeared,high,812500,0,812500,TRUE,1-5-71256
152 - RM OF MORRIS,205385.000,35 - 39 SPARK ST,3,R1,2027,appeared,high,812500,0,812500,TRUE,6-5-71256
500 - CITY OF BRANDON,116616.000,125 24TH ST,4,R1,2027,appeared,high,792100,0,792100,TRUE,DESC 16/18-20-15
300 - TOWN OF ARBORG,25400.000,431 CROSSTOWN AVE,5,R1,2027,appeared,high,782900,0,782900,TRUE,DESC 18/20--2763
451 - CITY OF STEINBACH,66800.000,286 HENRY ST,6,R1|R2,2027,expanded,low,827400,72700,754700,TRUE,DESC 1-1-3906
500 - CITY OF BRANDON,71977.000,1002 1ST ST,4,R1,2027,appeared,high,749800,0,749800,TRUE,18/20-40-7
435 - TOWN OF MORRIS,18100.000,257 BOYNE AVE W,4,R1,2027,appeared,high,694000,0,694000,TRUE,DESC 38--23
451 - CITY OF STEINBACH,103600.000,510 WILSON ST,29,INST,2027,expanded,low,1230200,559300,670900,TRUE,2--70218
435 - TOWN OF MORRIS,104700.000,1 Agassiz TRL,4,R1,2027,appeared,high,642400,0,642400,TRUE,1--63780
612 - RM OF STUARTBURN,117200.000,225 - 227 1ST ST W,12,R1,2027,expanded,low,1913600,1276600,637000,TRUE,2--47673
500 - CITY OF BRANDON,62984.000,1334 7TH ST,6,R1,2027,expanded,low,1157500,540700,616800,TRUE,DESC 11/14-15-7
500 - CITY OF BRANDON,92312.000,705 PERCY ST,3,R1,2027,appeared,high,516100,0,516100,TRUE,3/4-24-9
411 - CITY OF DAUPHIN,285500.000,133 2ND AVE NW,16,R2,2027,expanded,low,640000,177100,462900,TRUE,1/2-1515
165 - RM OF RITCHOT,89500.000,483 MAIN ST,6,R1|R2,2027,expanded,low,1162600,716600,446000,TRUE,1--76317
437 - TOWN OF NEEPAWA,67800.000,11 - 298 BRYDON ST,12,R2,2027,expanded,low,643700,253700,390000,TRUE,DESC 20/24-136-256
451 - CITY OF STEINBACH,25500.000,44 ELLICE AVE,4,R1,2027,expanded,low,361500,61600,299900,TRUE,DESC 3-5054
127 - MUNICIPALITY OF EMERSON-FRANKLIN,357900.000,28 FIRST ST,12,R2,2027,expanded,low,561600,285400,276200,TRUE,8/10-CD-2
463 - CITY OF WINKLER,76500.000,159 MAIN ST,12,INST,2027,expanded,low,424500,180900,243600,TRUE,4-1-707
451 - CITY OF STEINBACH,40828.000,155 REIMER AVE W,8,R2,2027,expanded,low,479900,245300,234600,TRUE,5-23648
451 - CITY OF STEINBACH,40824.000,175 REIMER AVE W,8,R2,2027,expanded,low,437600,210500,227100,TRUE,3-23648
500 - CITY OF BRANDON,145144.000,814 13TH ST,4,R1,2027,expanded,low,373200,148000,225200,TRUE,36/37-24-16
451 - CITY OF STEINBACH,40822.000,185 REIMER AVE W,8,R2,2027,expanded,low,437900,214600,223300,TRUE,2-23648
451 - CITY OF STEINBACH,40826.000,165 REIMER AVE W,8,R2,2027,expanded,low,426300,206600,219700,TRUE,4-23648
451 - CITY OF STEINBACH,167200.000,304 FIRST ST,7,R2,2027,expanded,low,505100,304900,200200,TRUE,3-3-10121
411 - CITY OF DAUPHIN,81700.000,123 2ND AVE NW,8,R2,2027,expanded,low,350900,162700,188200,TRUE,DESC 2&16/17-D-243
144 - MUNICIPALITY OF LORNE,53300.000,36 BAIE DU LAC,5,INST|R1,2027,expanded,low,376100,188700,187400,TRUE,DESC 1--45193
105 - MUNICIPALITY OF BIFROST-RIVERTON,239550.000,143159 Road 20 E,5,R2,2027,expanded,low,306300,121000,185300,TRUE,1-26157
451 - CITY OF STEINBACH,219200.000,181 BRANDT ST,6,R2,2027,expanded,low,365700,196400,169300,TRUE,2-20134
782 - BARROWS-NORTHERN AFFAIRS ACT,48800.000,,4,INST|R1,2027,expanded,low,428500,267200,161300,TRUE,1758
550 - CITY OF PORTAGE LA PRAIRIE,348000.000,839 DUKE AVE,4,R1,2027,expanded,low,288000,142700,145300,TRUE,114/115-8-102
431 - TOWN OF MINNEDOSA,110800.000,314 MAIN ST N,3,R1,2027,expanded,low,225900,86800,139100,TRUE,DESC 2/3--787
451 - CITY OF STEINBACH,202510.000,92 REIMER AVE,5,R2,2027,expanded,low,274400,146000,128400,TRUE,2-1-17594
451 - CITY OF STEINBACH,103550.000,299 KROEKER AVE,24,INST,2027,expanded,low,287800,165000,122800,FALSE,1--70218
188 - MUNICIPALITY OF NORFOLK TREHERNE,222500.000,54080 PTH2,3,OTHER|R1,2027,expanded,low,274400,155700,118700,TRUE,DESC 1--27016
500 - CITY OF BRANDON,21618.000,229 18TH ST,4,R1,2027,expanded,low,176200,67000,109200,TRUE,11/12-51-2
351 - TOWN OF STE. ANNE,38000.000,340 CENTRAL AVE,4,R2,2027,expanded,low,207500,99800,107700,TRUE,DESC RL107/108-AN-3627
550 - CITY OF PORTAGE LA PRAIRIE,170400.000,39 2ND ST SW,5,R1,2027,expanded,low,243100,136600,106500,TRUE,34--12
500 - CITY OF BRANDON,16287.000,241 4TH ST,6,R2,2027,expanded,low,253100,151400,101700,TRUE,32/33-37-2
447 - CITY OF SELKIRK,287908.000,800 VAUGHAN AVE,67,R2,2026,appeared,high,15912500,0,15912500,TRUE,1--72071
340 - TOWN OF NIVERVILLE,36010.100,102 RANGE AVE,56,R2,2026,appeared,high,12246700,0,12246700,TRUE,1--70126
447 - CITY OF SELKIRK,76000.000,355 EVELINE ST,49,OTHER|R2,2026,appeared,high,11481900,0,11481900,TRUE,A--71164
451 - CITY OF STEINBACH,1480.000,"40, 48 - 54 MARKET BLVD",66,R2,2026,appeared,high,10035700,0,10035700,TRUE,G--68630
129 - RM OF GIMLI,371800.000,86 1ST AVE,40,INST|R2,2026,appeared,high,6633100,0,6633100,TRUE,A&B--71997
110 - RM OF BROKENHEAD,21335.000,66 PIERSON DR,42,R2,2026,appeared,high,6418000,0,6418000,TRUE,2--71100
401 - TOWN OF BEAUSEJOUR,91849.000,161 JOYCE ST,42,R2,2026,appeared,high,6222900,0,6222900,TRUE,4--71793
196 - MUNICIPALITY OF KILLARNEY-TURTLE MOUNTAIN,446350.000,301 MOUNTAIN AVE,32,R2,2026,appeared,high,6003500,0,6003500,TRUE,1--71630
194 - RM OF TACHE,42201.000,64 SAND PIPER TRL,74,R2,2026,expanded,high,9266600,3485500,5781100,TRUE,12-1-65400
351 - TOWN OF STE. ANNE,570.000,147 - 153 CHAMPAGNE ST,62,R2,2026,expanded,high,8564000,2804900,5759100,TRUE,A--74042
500 - CITY OF BRANDON,568568.000,415 25TH ST,48,R2,2026,appeared,high,5611500,0,5611500,TRUE,C&D--54948
463 - CITY OF WINKLER,203379.000,,36,R2,2026,appeared,high,5144600,0,5144600,TRUE,1--74150
357 - VILLAGE OF ST. PIERRE-JOLYS,21700.000,353 SABOURIN ST,36,R2,2026,appeared,high,5147100,88300,5058800,TRUE,5/7--11567
138 - RM OF LA BROQUERIE,103216.000,185 CHEMIN TETRAULT RD,75,R2,2026,expanded,high,10740500,6591300,4149200,FALSE,B--70849
189 - RM OF SPRINGFIELD,29000.000,59004 PR 207 RD 23E,3,OTHER,2026,expanded,high,4846400,1341300,3505100,TRUE,B--56479
463 - CITY OF WINKLER,183158.000,224 VICTORIA ST,28,R2,2026,appeared,high,3477600,0,3477600,TRUE,10-1-30045
351 - TOWN OF STE. ANNE,42100.000,54 VOYAGEUR DR,60,R2,2026,expanded,high,8572100,5143300,3428800,FALSE,DESC RL60-AN-3626
437 - TOWN OF NEEPAWA,1440.000,31 - 37 HOWDEN AVE,32,R2,2026,expanded,high,6520200,3193600,3326600,TRUE,65--65638
500 - CITY OF BRANDON,20701.000,1528 PRINCESS AVE,14,R2,2026,appeared,high,2826700,0,2826700,TRUE,DESC 21/25-49-2
451 - CITY OF STEINBACH,167600.000,330 FIRST ST,15,R2,2026,appeared,high,2481200,0,2481200,TRUE,7-3-10121
451 - CITY OF STEINBACH,3170.000,165 MAPLEWOOD ST,24,R2,2026,appeared,high,2282800,0,2282800,TRUE,2--68685
500 - CITY OF BRANDON,514794.000,2 QUAIL RIDGE DR,132,R2,2026,appeared,high,2074900,0,2074900,FALSE,DESC 2--72110
453 - TOWN OF STONEWALL,54900.000,Unit 1-9 - 286 3RD AVE N,9,R1,2026,appeared,high,1890800,0,1890800,TRUE,DESC 1/4-54-2594
135 - RM OF HANOVER,245517.000,96 REDWING TRL,12,R2,2026,appeared,high,1799000,0,1799000,TRUE,108--71199
135 - RM OF HANOVER,67600.105,25 PRIMROSE LANE,12,R2,2026,appeared,high,1788300,0,1788300,TRUE,2--73116
351 - TOWN OF STE. ANNE,10410.000,15 FALCON BAY,12,R2,2026,appeared,high,1726900,0,1726900,TRUE,11--72367
550 - CITY OF PORTAGE LA PRAIRIE,188900.000,103 1ST ST NW,8,R2,2026,appeared,high,1711400,12100,1699300,TRUE,352/353--12
500 - CITY OF BRANDON,75887.000,820 1ST ST,8,R2,2026,appeared,high,1660100,0,1660100,TRUE,DESC 9/11-49-8
351 - TOWN OF STE. ANNE,10408.000,27 FALCON BAY,12,R2,2026,appeared,high,1501700,0,1501700,TRUE,9--72367
351 - TOWN OF STE. ANNE,10409.000,21 FALCON BAY,12,R2,2026,appeared,high,1499100,0,1499100,TRUE,10--72367
463 - CITY OF WINKLER,183145.000,135 VICTORIA ST,9,R2,2026,appeared,high,1416400,0,1416400,TRUE,21-5-30045
351 - TOWN OF STE. ANNE,10411.000,7 FALCON BAY,6,R2,2026,appeared,high,1358500,0,1358500,TRUE,12--72367
351 - TOWN OF STE. ANNE,52450.000,18 ARENA RD,12,R2,2026,new_roll,med,1291300,0,1291300,TRUE,1--73887
400 - TOWN OF ALTONA,204640.000,,16,R2,2026,expanded,high,2315400,1157700,1157700,FALSE,1--70894
152 - RM OF MORRIS,205410.000,1 - 33 SPARK ST,17,R2,2026,expanded,high,2716400,1598900,1117500,FALSE,11-5-71256
333 - TOWN OF LAC DU BONNET,6300.000,71 FOURTH ST,6,R2,2026,appeared,high,1084300,11000,1073300,TRUE,A--73399
164 - MUNICIPALITY OF RHINELAND,437765.000,136 RIVER AVE,8,R2,2026,appeared,high,1005300,0,1005300,TRUE,14--68104
105 - MUNICIPALITY OF BIFROST-RIVERTON,409800.000,,8,R2,2026,appeared,high,907600,0,907600,TRUE,A--74041
400 - TOWN OF ALTONA,204641.000,,6,R2,2026,appeared,high,890000,0,890000,TRUE,2--70894
451 - CITY OF STEINBACH,425182.000,81 - 87 ROSEBROOK TRL,4,R1,2026,appeared,high,862700,0,862700,TRUE,54--69059
451 - CITY OF STEINBACH,195000.000,600 MAIN ST,6,R2,2026,expanded,high,908000,57900,850100,TRUE,49-2-10315
333 - TOWN OF LAC DU BONNET,17595.000,46 PARK AVE,6,OTHER|R2,2026,expanded,high,1103800,264800,839000,TRUE,4-7-3309
357 - VILLAGE OF ST. PIERRE-JOLYS,20610.000,317 JOUBERT ST,6,R2,2026,appeared,high,812500,0,812500,TRUE,1--70885
451 - CITY OF STEINBACH,425179.000,57 - 63 ROSEBROOK TRL,4,R2,2026,appeared,high,811300,0,811300,TRUE,51--69059
192 - RM OF PRAIRIE LAKES,281885.000,,3,INST,2026,appeared,high,771700,0,771700,TRUE,15--72572
110 - RM OF BROKENHEAD,13525.000,68 PIERSON DR,4,R1,2026,appeared,high,632800,0,632800,TRUE,2--72916
144 - MUNICIPALITY OF LORNE,300200.000,283 NOTRE DAME AVE SW,8,R2,2026,expanded,high,1330000,717100,612900,FALSE,2--71914
451 - CITY OF STEINBACH,214980.000,205 MCKENZIE AVE,4,R1,2026,appeared,high,573100,0,573100,TRUE,16-2-12916
451 - CITY OF STEINBACH,425143.000,40 - 46 ROSEBROOK TRL,4,R1,2026,appeared,high,554200,0,554200,TRUE,15--69059
135 - RM OF HANOVER,79576.200,339 NEUFELD DR,8,R1,2026,expanded,high,863600,326200,537400,TRUE,7--41681
194 - RM OF TACHE,42335.000,EAGLE COVE,4,R1,2026,appeared,high,511600,0,511600,TRUE,4--69148
152 - RM OF MORRIS,205420.000,4 Ash BAY,3,R1,2026,appeared,high,508900,0,508900,TRUE,13-5-71256
194 - RM OF TACHE,42340.000,16 EAGLE COVE,4,R1,2026,appeared,high,503200,0,503200,TRUE,5--69148
435 - TOWN OF MORRIS,43500.000,136 BOYNE AVE E,4,R1,2026,appeared,high,493100,0,493100,TRUE,DESC 19--4692
152 - RM OF MORRIS,205495.000,34 Ash BAY,3,R1,2026,appeared,high,490800,0,490800,TRUE,28-5-71256
437 - TOWN OF NEEPAWA,64000.000,287 HAMILTON ST,3,OTHER|R1,2026,expanded,high,633600,191900,441700,TRUE,DESC 8/10-117-256
550 - CITY OF PORTAGE LA PRAIRIE,358500.000,109 10TH ST NE,4,R1,2026,appeared,high,399600,0,399600,TRUE,1/2-1-27884
463 - CITY OF WINKLER,133200.000,233 ROYAL CRES,5,R2,2026,expanded,high,626400,239200,387200,TRUE,6-3-1229
606 - RM OF GRAHAMDALE,433100.000,50010 ROAD 190 N,3,OTHER|R1,2026,expanded,high,811200,442100,369100,TRUE,DESC --76809
110 - RM OF BROKENHEAD,248800.000,38087 MILE 86N,8,R1,2026,expanded,high,860800,541400,319400,TRUE,2--75150
431 - TOWN OF MINNEDOSA,101400.000,149 MAIN ST S,3,R1,2026,expanded,high,254100,109400,144700,TRUE,6/7--29
411 - CITY OF DAUPHIN,50900.000,121 MAIN ST S,3,OTHER|R1,2026,expanded,high,287900,172400,115500,TRUE,10-8-243
194 - RM OF TACHE,83410.000,14 RIVER RIDGE DR,96,R2,2025,expanded,low,15812800,2279300,13533500,TRUE,2-1-66962
500 - CITY OF BRANDON,562264.000,1501 BRAECREST DR,72,R2,2025,appeared,high,10105200,0,10105200,TRUE,1--75600
401 - TOWN OF BEAUSEJOUR,91846.000,153 JOYCE ST,53,R2,2025,new_roll,med,7712300,0,7712300,TRUE,2--71793
129 - RM OF GIMLI,150900.000,199 CENTRE AVE W,30,R2,2025,appeared,high,6546800,0,6546800,TRUE,1/6--61552
340 - TOWN OF NIVERVILLE,36010.200,101 RANGE AVE,30,R2,2025,appeared,high,5700300,0,5700300,TRUE,2--70126
401 - TOWN OF BEAUSEJOUR,91845.000,156 fifth ST S,36,R2,2025,new_roll,med,5451600,0,5451600,TRUE,1--71793
453 - TOWN OF STONEWALL,110450.000,3 - 5 QUARRY RIDGE DR,32,R2,2025,appeared,high,5109900,0,5109900,TRUE,3--68346
138 - RM OF LA BROQUERIE,103216.000,185 CHEMIN TETRAULT RD,75,R2,2025,expanded,low,6591300,1626800,4964500,TRUE,B--70849
401 - TOWN OF BEAUSEJOUR,91847.000,157 JOYCE ST,33,R2,2025,new_roll,med,4656600,0,4656600,TRUE,3--71793
401 - TOWN OF BEAUSEJOUR,90090.000,100 EVERGREEN ST,27,R2,2025,appeared,high,4314800,0,4314800,TRUE,13-2-24557
433 - CITY OF MORDEN,301810.000,985 Wardrop ST,60,R2,2025,expanded,low,9427900,5336300,4091600,FALSE,1--54760
194 - RM OF TACHE,42201.000,64 SAND PIPER TRL,74,R2,2025,appeared,high,3485500,0,3485500,FALSE,12-1-65400
550 - CITY OF PORTAGE LA PRAIRIE,362804.000,315 OXFORD COMN,12,R2,2025,appeared,high,3323800,0,3323800,TRUE,3--65578
609 - MUNICIPALITY OF HARRISON PARK,47900.000,,9,OTHER,2025,expanded,low,7511700,4257200,3254500,TRUE,DESC NE19-19-18W
451 - CITY OF STEINBACH,19210.000,228 WOODHAVEN AVE,21,R2,2025,appeared,high,2913400,0,2913400,TRUE,3--67258
500 - CITY OF BRANDON,27896.000,309 PRINCESS AVE,16,R2,2025,appeared,high,2816300,0,2816300,TRUE,DESC 1/4-66-2
351 - TOWN OF STE. ANNE,570.000,147 - 153 CHAMPAGNE ST,62,R2,2025,appeared,high,2804900,0,2804900,FALSE,A--74042
451 - CITY OF STEINBACH,19220.000,224 WOODHAVEN AVE,24,R2,2025,appeared,high,2661500,0,2661500,TRUE,4--67258
135 - RM OF HANOVER,138100.133,54 FRIESEN AVE,16,R2,2025,appeared,high,2377600,0,2377600,TRUE,44--57097
400 - TOWN OF ALTONA,204644.000,103 MILLENNIUM DR NW,18,R2,2025,appeared,high,2309700,0,2309700,TRUE,5--70894
433 - CITY OF MORDEN,350305.000,121 HANOVER DR,12,R2,2025,appeared,high,1980500,0,1980500,TRUE,-3-68349
433 - CITY OF MORDEN,210475.000,427 LOREN DR,15,R2,2025,expanded,low,3135800,1478600,1657200,TRUE,2--62301
152 - RM OF MORRIS,205410.000,1 - 33 SPARK ST,17,R2,2025,appeared,high,1598900,0,1598900,TRUE,11-5-71256
463 - CITY OF WINKLER,183146.000,119 VICTORIA ST,9,R2,2025,appeared,med,1416400,28500,1387900,TRUE,20-5-30045
300 - TOWN OF ARBORG,32300.000,263 PARK CRES,18,R2,2025,expanded,low,2311000,924100,1386900,TRUE,DESC 15--5473
135 - RM OF HANOVER,113733.000,80 CRESTVIEW LANE,18,R2,2025,expanded,low,2443300,1137100,1306200,TRUE,23--66769
500 - CITY OF BRANDON,124123.000,436 21ST ST,6,R2,2025,appeared,high,1197700,0,1197700,TRUE,DESC 7/9-45-15
463 - CITY OF WINKLER,331315.000,1144 Schooner DR,8,R2,2025,appeared,high,1186800,0,1186800,TRUE,13-5-62132
400 - TOWN OF ALTONA,204640.000,,16,R2,2025,appeared,high,1157700,0,1157700,TRUE,1--70894
105 - MUNICIPALITY OF BIFROST-RIVERTON,438550.000,5 HELEN AVE,10,R2,2025,appeared,high,1116000,0,1116000,TRUE,4/6-3-2406
192 - RM OF PRAIRIE LAKES,83207.000,SPRUCE & PINE ST,18,R1,2025,expanded,low,2609400,1512100,1097300,FALSE,DESC NE8-5-16W
119 - RM OF DE SALABERRY,146000.000,30 DE L`EGLISE AV,22,R2,2025,expanded,low,1824400,791500,1032900,TRUE,24--74098
400 - TOWN OF ALTONA,380.000,135 MAIN ST NE,6,R2,2025,appeared,high,1014300,0,1014300,TRUE,2--70447
184 - RM OF SIFTON,212000.000,130 CAMERON ST W,11,R2,2025,appeared,high,974600,0,974600,TRUE,22/25-13-1969
409 - TOWN OF CARMAN,42600.000,7 1ST AVE SW,10,R2,2025,expanded,low,1343800,485700,858100,TRUE,3/5-4-33408
560 - CITY OF THOMPSON,261500.000,413 PRINCETON DR,30,R2,2025,expanded,low,1228300,407000,821300,TRUE,13-857
192 - RM OF PRAIRIE LAKES,83209.000,NLSD,17,R1,2025,expanded,low,1663700,870500,793200,TRUE,DESC NE8-5-16W
192 - RM OF PRAIRIE LAKES,70300.000,,20,R1,2025,expanded,low,1801000,1011000,790000,TRUE,DESC 7/8-4-185
500 - CITY OF BRANDON,80077.000,722 7TH ST,4,R1,2025,appeared,high,785600,0,785600,TRUE,DESC 9/10-58-8
500 - CITY OF BRANDON,11825.000,354 8TH ST,4,R1,2025,appeared,high,734500,0,734500,TRUE,DESC 2-27-2
144 - MUNICIPALITY OF LORNE,300200.000,283 NOTRE DAME AVE SW,8,R2,2025,appeared,high,717100,0,717100,TRUE,2--71914
500 - CITY OF BRANDON,148924.000,802 11TH ST,4,R1,2025,appeared,high,709300,0,709300,TRUE,39/40-34-16
192 - RM OF PRAIRIE LAKES,83453.000,ANGEL POINT,8,R1,2025,expanded,low,1409200,810500,598700,FALSE,DESC 1--22952
451 - CITY OF STEINBACH,564800.000,210 Keating RD,3,OTHER|R1,2025,expanded,low,766300,279800,486500,TRUE,DESC NE4-7-6E
192 - RM OF PRAIRIE LAKES,83205.000,"OAK - ASH ALDER, WILLOW ST",15,R1,2025,expanded,low,1078300,595300,483000,TRUE,DESC NE8-5-16W
435 - TOWN OF MORRIS,104775.000,61 - 63 Agassiz TRL,4,R1,2025,appeared,high,443400,0,443400,TRUE,16--63780
435 - TOWN OF MORRIS,104780.000,65 - 67 Agassiz TRL,4,R1,2025,appeared,high,436900,0,436900,TRUE,17--63780
455 - TOWN OF SWAN RIVER,41300.000,125 6TH AVE S,3,R1,2025,appeared,high,394100,0,394100,TRUE,10-17-286
192 - RM OF PRAIRIE LAKES,83211.000,SLSD,8,R1,2025,expanded,low,868700,497700,371000,FALSE,DESC NE8-5-16W
560 - CITY OF THOMPSON,5100.000,6 CARLETON AVE,24,R2,2025,expanded,low,696600,341200,355400,TRUE,A-5419
174 - RM OF ST. ANDREWS,217700.000,35 STEVENS AVE E,4,R1,2025,appeared,high,339600,0,339600,TRUE,19/20-1-1489
715 - THICKET PORTAGE-NORTHERN AFFAIRS ACT,123400.000,,4,INST|R1,2025,expanded,low,516500,315400,201100,TRUE,12-688
435 - TOWN OF MORRIS,22000.000,161 CHARLES ST W,5,R1,2025,expanded,low,350500,151600,198900,TRUE,DESC 119/120--23
205 - MUNICIPALITY OF DELORAINE-WINCHESTER,214150.000,110 LAKE ST N,4,R1,2025,expanded,low,245100,131900,113200,TRUE,4--235
144 - MUNICIPALITY OF LORNE,300700.000,233 NOTRE DAME AVE SW,3,R1,2025,expanded,low,218700,106100,112600,TRUE,5/7-3-216
451 - CITY OF STEINBACH,83800.000,280 BARKMAN AVE,8,R2,2025,expanded,low,344300,231800,112500,TRUE,1--46406
411 - CITY OF DAUPHIN,362100.000,318 BUCHANNON AVE,3,R1,2025,expanded,low,220100,111000,109100,TRUE,1/2-2412
782 - BARROWS-NORTHERN AFFAIRS ACT,48800.000,,4,INST|R1,2025,expanded,low,267200,166000,101200,FALSE,1758
447 - CITY OF SELKIRK,288370.000,1027 MANITOBA AVE,270,R2,2024,expanded,high,37388400,17017000,20371400,TRUE,1/2--59191
447 - CITY OF SELKIRK,288380.000,1029 MANITOBA AVE,40,R2,2024,appeared,high,7540800,0,7540800,TRUE,3--59191
165 - RM OF RITCHOT,161530.000,1 - 5 TOUROND CREEK DR,91,R2,2024,expanded,high,15670300,8480200,7190100,FALSE,1-1-60418
500 - CITY OF BRANDON,391789.000,501 BRAECREST DR,108,R2,2024,expanded,high,15804100,9932500,5871600,TRUE,1/3&17/20-4-1120
135 - RM OF HANOVER,113729.000,41 EDGEMONT PL,42,R2,2024,appeared,high,5792100,0,5792100,TRUE,19--66769
500 - CITY OF BRANDON,391615.000,1315 LARK ST,32,R2,2024,appeared,high,5661100,108400,5552700,TRUE,7/8-4-1120
500 - CITY OF BRANDON,21733.000,155 18TH ST,29,OTHER|R2,2024,appeared,high,5383600,0,5383600,TRUE,DESC 1/11-52-2
433 - CITY OF MORDEN,301810.000,985 Wardrop ST,60,R2,2024,appeared,high,5336300,0,5336300,TRUE,1--54760
409 - TOWN OF CARMAN,5700.000,120 4TH AVE SW,22,INST|OTHER|R2,2024,expanded,high,7801600,2656200,5145400,FALSE,DESC NE24-6-5W
437 - TOWN OF NEEPAWA,67000.000,351 MOUNTAIN AVE,36,R2,2024,appeared,high,4958900,0,4958900,TRUE,A&B--69785
139 - RM OF LAC DU BONNET,290400.000,308 LEE RIVER RD,78,R1,2024,expanded,high,6824400,1897300,4927100,TRUE,DESC NW34-15-12E
129 - RM OF GIMLI,183200.000,21 BALL PARK WAY,40,R2,2024,appeared,high,4703700,52600,4651100,TRUE,2--69633
451 - CITY OF STEINBACH,461340.000,4 BRIGHTON LANE,108,R2,2024,expanded,high,11668000,7259000,4409000,FALSE,1/2--53905
451 - CITY OF STEINBACH,23000.000,111 FIRST ST,30,R2,2024,appeared,high,4031600,0,4031600,TRUE,A--69098
139 - RM OF LAC DU BONNET,278570.000,,70,R1,2024,expanded,high,7612300,3653300,3959000,TRUE,3-37290
340 - TOWN OF NIVERVILLE,22500.000,93 4TH AVE S,48,R2,2024,expanded,high,6712100,3170800,3541300,TRUE,13-6-19956
135 - RM OF HANOVER,113732.000,86 CRESTVIEW LANE,27,R2,2024,appeared,high,3500800,0,3500800,TRUE,22--66769
194 - RM OF TACHE,42370.000,277 SAND PIPER TRL,40,R2,2024,expanded,high,5101300,1663200,3438100,TRUE,14-4-65400
194 - RM OF TACHE,42275.000,348 SAND PIPER TRL,26,R2,2024,appeared,high,3385800,0,3385800,TRUE,14-1-65400
463 - CITY OF WINKLER,203356.000,445 NORTHLANDS PKY,120,R2,2024,expanded,high,7830300,4698300,3132000,FALSE,-1-62132
500 - CITY OF BRANDON,82131.000,725 VAN HORNE AVE,18,R2,2024,appeared,high,3102400,0,3102400,TRUE,DESC A--43705
437 - TOWN OF NEEPAWA,1440.000,31 - 37 HOWDEN AVE,32,R2,2024,appeared,high,3071400,0,3071400,FALSE,65--65638
135 - RM OF HANOVER,113711.000,129 ROCKRIDGE DR,20,R2,2024,appeared,high,2958100,0,2958100,TRUE,1--66769
139 - RM OF LAC DU BONNET,304710.000,,58,R1,2024,expanded,high,2826300,153700,2672600,TRUE,2-14530
139 - RM OF LAC DU BONNET,176700.000,10 HEATHER RD,39,R1,2024,appeared,high,2533900,104300,2429600,TRUE,DESC SW16-15-11E
451 - CITY OF STEINBACH,220700.000,Unit 1-8 - 71 CHRYSLER GATE,8,R3,2024,appeared,high,2371900,0,2371900,TRUE,1/8-73094
194 - RM OF TACHE,83410.000,14 RIVER RIDGE DR,96,R2,2024,appeared,high,2279300,0,2279300,FALSE,2-1-66962
194 - RM OF TACHE,42255.000,272 SAND PIPER TRL,30,R2,2024,expanded,high,3535000,1281000,2254000,TRUE,13-1-65400
129 - RM OF GIMLI,374700.000,47 1ST AVE,8,OTHER,2024,appeared,high,2036600,0,2036600,TRUE,DESC 49-7-13744L
351 - TOWN OF STE. ANNE,44000.000,748 TRAVERSE RD,16,R2,2024,appeared,high,1855400,0,1855400,TRUE,1-25954
138 - RM OF LA BROQUERIE,103216.000,185 CHEMIN TETRAULT RD,75,R2,2024,new_roll,med,1626800,0,1626800,FALSE,B--70849
433 - CITY OF MORDEN,210475.000,427 LOREN DR,15,R2,2024,appeared,high,1478600,0,1478600,FALSE,2--62301
500 - CITY OF BRANDON,33225.000,1609 ROSSER AVE,8,R2,2024,appeared,high,1440200,5700,1434500,TRUE,DESC 1/3-84-2
340 - TOWN OF NIVERVILLE,22200.000,78 3RD AVE S,10,R2,2024,appeared,high,1352500,0,1352500,TRUE,2--68209
463 - CITY OF WINKLER,39700.000,115 MAIN ST S,9,R2,2024,expanded,high,1265300,143300,1122000,TRUE,DESC 5/6--283
400 - TOWN OF ALTONA,58600.000,240 4TH AVE SE,8,R2,2024,appeared,high,1092400,1200,1091200,TRUE,DESC 14/15--829
182 - MUNICIPALITY OF ROBLIN,315200.000,355 6TH AVE NW,59,R1,2024,expanded,high,1160900,74800,1086100,TRUE,DESC -M-167
500 - CITY OF BRANDON,66035.000,1262 1ST ST,6,R2,2024,appeared,high,1079400,6200,1073200,TRUE,1/3-24-7
451 - CITY OF STEINBACH,144817.000,13 BEAVER CRES,10,R2,2024,appeared,high,1011700,0,1011700,TRUE,A--69403
451 - CITY OF STEINBACH,144819.000,17 BEAVER CRES,10,R2,2024,appeared,high,914900,0,914900,TRUE,B--69403
409 - TOWN OF CARMAN,73700.000,48 4TH AVE SW,8,R2,2024,appeared,high,900300,29900,870400,TRUE,EFGH--53355
409 - TOWN OF CARMAN,37600.000,105 2nd ST NW,6,R2,2024,appeared,high,863600,0,863600,TRUE,DESC 13/16-39-31
152 - RM OF MORRIS,202630.000,9 Ember DR,12,R2,2024,expanded,high,1647500,795500,852000,TRUE,A&B--63639
135 - RM OF HANOVER,144000.091,28 BARAK DR,18,R2,2024,expanded,high,1891300,1110800,780500,FALSE,65--56022
435 - TOWN OF MORRIS,105350.000,4 AGASSIZ TRL,6,R2,2024,appeared,high,722200,0,722200,TRUE,1--70069
435 - TOWN OF MORRIS,105325.000,12 AGASSIZ TRL,6,R2,2024,appeared,high,719000,0,719000,TRUE,2--70069
138 - RM OF LA BROQUERIE,114405.156,38 DES PIGNONS ST,5,R2,2024,appeared,high,716800,0,716800,TRUE,1--55892
165 - RM OF RITCHOT,87100.000,359 DUFAULT DR,12,R2,2024,expanded,high,1112100,460800,651300,TRUE,30-4930
157 - MUNICIPALITY OF OAKLAND-WAWANESA,221550.000,204 COMMERCIAL ST,4,R1,2024,appeared,high,624400,0,624400,TRUE,1-13-2091
437 - TOWN OF NEEPAWA,53000.000,270 MAIN ST E,4,R1,2024,appeared,high,565900,0,565900,TRUE,20/21-81-256
612 - RM OF STUARTBURN,117200.000,225 - 227 1ST ST W,12,R1,2024,expanded,high,1234100,731100,503000,FALSE,2--47673
500 - CITY OF BRANDON,62984.000,1334 7TH ST,6,R1,2024,appeared,high,491800,0,491800,FALSE,DESC 11/14-15-7
409 - TOWN OF CARMAN,52200.000,11 MAIN ST S,14,OTHER|R2,2024,expanded,high,886300,478900,407400,TRUE,11/15-7-33408
550 - CITY OF PORTAGE LA PRAIRIE,124700.000,19 5TH ST NW,6,R2,2024,expanded,high,694700,290000,404700,TRUE,DESC 45/46--17
407 - TOWN OF CARBERRY,78300.000,442 WHEATLAND DR,8,R2,2024,expanded,high,446800,48400,398400,TRUE,2/3--25445
194 - RM OF TACHE,42719.000,10 A/B FIRST AVE S,8,R1,2024,expanded,high,569400,244800,324600,TRUE,2--71540
176 - RM OF ST. CLEMENTS,660430.000,60 ARNHOLD ST,5,OTHER|R1,2024,expanded,high,419300,243600,175700,TRUE,DESC 9/10-5899
198 - RM OF VICTORIA BEACH,106540.000,19 ATEAH RD,3,R1,2024,expanded,high,336800,197000,139800,TRUE,9--13728
176 - RM OF ST. CLEMENTS,653900.000,210 ARNHOLD ST,6,R1,2024,expanded,high,276000,157200,118800,TRUE,DESC 4/5--4914
127 - MUNICIPALITY OF EMERSON-FRANKLIN,226515.000,27092 13N,3,R1,2024,expanded,high,246500,145900,100600,TRUE,1-14204
500 - CITY OF BRANDON,424739.000,1640 SYCAMORE DR,208,R2,2023,expanded,low,27161900,11189700,15972200,TRUE,A-1547
121 - RM OF EAST ST. PAUL,79800.000,1915 HODDINOTT RD,48,R2,2023,appeared,med,11008600,77200,10931400,TRUE,DESC RL94-PA-13069
165 - RM OF RITCHOT,161530.000,1 - 5 TOUROND CREEK DR,91,R2,2023,appeared,high,8480200,0,8480200,TRUE,1-1-60418
451 - CITY OF STEINBACH,5206.000,181 PENFELD DR,45,R2,2023,appeared,high,5589200,0,5589200,TRUE,1-8-22520
437 - TOWN OF NEEPAWA,65100.000,307 DAVIDSON ST,48,R2,2023,appeared,high,5483900,0,5483900,TRUE,DESC 3/6-118-256
500 - CITY OF BRANDON,391789.000,501 BRAECREST DR,108,R2,2023,expanded,low,9932500,4782300,5150200,FALSE,1/3&17/20-4-1120
146 - RM OF MACDONALD,52210.000,180 FOREST DR,46,R2,2023,expanded,low,9793000,4667500,5125500,TRUE,1--68403
463 - CITY OF WINKLER,203356.000,445 NORTHLANDS PKY,120,R2,2023,appeared,high,4698300,0,4698300,FALSE,-1-62132
451 - CITY OF STEINBACH,22400.000,71 FIRST ST,32,R2,2023,appeared,high,4441800,0,4441800,TRUE,2--65318
401 - TOWN OF BEAUSEJOUR,78050.000,816 GERTRUDE AVE,22,R2,2023,appeared,high,4426700,0,4426700,TRUE,B--68584
500 - CITY OF BRANDON,17533.000,705 LORNE AVE,30,INST,2023,appeared,high,4178300,0,4178300,TRUE,1/6-41-2
560 - CITY OF THOMPSON,5806.000,510 STATION RD,30,R2,2023,appeared,med,4003900,166900,3837000,TRUE,2--71253
110 - RM OF BROKENHEAD,36700.000,21 - 23 PINE AVE,68,R2,2023,expanded,low,7213300,3756200,3457100,FALSE,DESC 2/6-9-928
340 - TOWN OF NIVERVILLE,22500.000,93 4TH AVE S,48,R2,2023,appeared,med,3170800,21800,3149000,FALSE,13-6-19956
451 - CITY OF STEINBACH,19230.000,220 WOODHAVEN AVE,21,R2,2023,appeared,high,3012100,0,3012100,TRUE,5--67258
451 - CITY OF STEINBACH,19250.000,236 WOODHAVEN AVE,14,R2,2023,appeared,high,2748100,0,2748100,TRUE,1--67258
451 - CITY OF STEINBACH,3150.000,191 MAPLEWOOD ST,24,R2,2023,appeared,high,2595800,0,2595800,TRUE,1--68685
135 - RM OF HANOVER,113734.000,72 CRESTVIEW LANE,16,R2,2023,appeared,high,2313800,0,2313800,TRUE,24--66769
435 - TOWN OF MORRIS,105100.000,40 Agassiz TRL,12,R2,2023,appeared,high,1695600,0,1695600,TRUE,22--63780
194 - RM OF TACHE,42370.000,277 SAND PIPER TRL,40,R2,2023,appeared,high,1663200,0,1663200,FALSE,14-4-65400
135 - RM OF HANOVER,187700.000,30032 PTH 52,12,OTHER|R1|R2,2023,expanded,low,2092900,646100,1446800,TRUE,1--41609
451 - CITY OF STEINBACH,19200.000,232 WOODHAVEN AVE,9,R2,2023,appeared,high,1426500,0,1426500,TRUE,2--67258
435 - TOWN OF MORRIS,105000.000,54 Agassiz TRL,24,R2,2023,expanded,low,2460600,1173300,1287300,TRUE,21--63780
194 - RM OF TACHE,42255.000,272 SAND PIPER TRL,30,R2,2023,appeared,high,1281000,0,1281000,FALSE,13-1-65400
433 - CITY OF MORDEN,131250.000,155 North Railway ST,8,R2,2023,appeared,high,1237800,0,1237800,TRUE,2--64552
135 - RM OF HANOVER,113733.000,80 CRESTVIEW LANE,18,R2,2023,appeared,high,1137100,0,1137100,FALSE,23--66769
500 - CITY OF BRANDON,512566.000,729 17TH ST,3,OTHER|R2,2023,appeared,high,1096000,0,1096000,TRUE,1-21365
135 - RM OF HANOVER,113730.000,51 EDGEMONT PL,16,R2,2023,expanded,low,2062900,994700,1068200,TRUE,20--66769
435 - TOWN OF MORRIS,105225.000,,8,R2,2023,new_roll,med,1052200,0,1052200,TRUE,1--68393
135 - RM OF HANOVER,113731.000,61 EDGEMONT PL,16,R2,2023,expanded,low,1987400,955500,1031900,TRUE,21--66769
500 - CITY OF BRANDON,1198.000,338 LOUISE AVE,6,R2,2023,appeared,high,956200,0,956200,TRUE,DESC 11/13-3-2
135 - RM OF HANOVER,113756.000,52 EDGEMONT PL,6,R2,2023,appeared,high,890700,0,890700,TRUE,46--66769
300 - TOWN OF ARBORG,13700.000,508 RIVER RD,6,R2,2023,appeared,high,876800,0,876800,TRUE,11/14-5-2201
135 - RM OF HANOVER,113759.000,22 EDGEMONT PL,6,R2,2023,appeared,high,856300,0,856300,TRUE,49--66769
400 - TOWN OF ALTONA,375.000,147 MAIN ST NE,6,R2,2023,appeared,high,855700,0,855700,TRUE,1--70447
500 - CITY OF BRANDON,32672.000,19 13TH ST,15,INST,2023,expanded,low,920900,91400,829500,TRUE,19/21-80-2
135 - RM OF HANOVER,113757.000,38 EDGEMONT PL,6,R2,2023,appeared,high,816700,0,816700,TRUE,47--66769
451 - CITY OF STEINBACH,19260.000,180 LUND RD,6,R2,2023,appeared,high,810500,0,810500,TRUE,7--67258
152 - RM OF MORRIS,202630.000,9 Ember DR,12,R2,2023,appeared,high,795500,0,795500,FALSE,A&B--63639
451 - CITY OF STEINBACH,464548.000,62 - 68 ASHFORD LANE,4,R2,2023,appeared,high,614500,0,614500,TRUE,20--54371
448 - TOWN OF SNOW LAKE,64600.000,8 TAYLOR BAY,3,R1,2023,appeared,med,632700,19000,613700,TRUE,DESC 8-2-37917
196 - MUNICIPALITY OF KILLARNEY-TURTLE MOUNTAIN,377300.000,110 CLARK AVE,34,INST,2023,expanded,low,1151200,615600,535600,TRUE,DESC 2/5-37-457
500 - CITY OF BRANDON,58404.000,1404 6TH ST,3,R1,2023,appeared,high,518000,0,518000,TRUE,13/14-3-7
411 - CITY OF DAUPHIN,234200.000,610 BUCHANON AVE,6,R1,2023,appeared,high,498000,0,498000,TRUE,11/13-10-420
447 - CITY OF SELKIRK,91600.000,210 - 226 ROBINSON AVE,9,R1,2023,expanded,low,980100,511000,469100,TRUE,5/12-4-571
447 - CITY OF SELKIRK,90900.000,201 - 215 ROBINSON AVE,11,R1,2023,expanded,low,1208700,739900,468800,TRUE,DESC RL61-CL-0
612 - RM OF STUARTBURN,117200.000,225 - 227 1ST ST W,12,R1,2023,expanded,low,731100,265500,465600,FALSE,2--47673
451 - CITY OF STEINBACH,103550.000,299 KROEKER AVE,24,INST,2023,new_roll,med,396300,0,396300,TRUE,1--70218
129 - RM OF GIMLI,188673.000,228 MUNICIPAL DR,17,R2,2023,expanded,low,796800,464300,332500,TRUE,8-7-23733
550 - CITY OF PORTAGE LA PRAIRIE,341518.000,709 WILLOW BAY,3,R1,2023,appeared,high,310300,0,310300,TRUE,5-4-1741
165 - RM OF RITCHOT,89600.000,503 MAIN ST,12,R2,2023,expanded,low,466400,184400,282000,TRUE,DESC A-10972
447 - CITY OF SELKIRK,149780.000,26 - 28 OUTHWAITE DR,6,R1,2023,expanded,low,641400,370500,270900,TRUE,16-13055
463 - CITY OF WINKLER,29500.000,345 2ND ST,8,R2,2023,expanded,low,473800,240300,233500,TRUE,6-2-244
702 - MUNICIPAL AND NORTHERN RELATIONS,196100.000,,3,R1,2023,expanded,low,279100,55200,223900,TRUE,2--42644
129 - RM OF GIMLI,304200.000,31 7TH AVE,10,R2,2023,expanded,low,552100,338700,213400,TRUE,DESC 57/59-1-13744L
560 - CITY OF THOMPSON,126600.000,35 FOX BAY,7,R2,2023,expanded,low,284200,71400,212800,TRUE,14-92-760
600 - RM OF ALEXANDER,112600.000,104058 PTH 11,4,R1,2023,expanded,low,305300,133000,172300,TRUE,C--5158
500 - CITY OF BRANDON,20529.000,264 15TH ST,10,R2,2023,expanded,low,438400,267300,171100,TRUE,DESC 1/4-49-2
449 - MUNICIPALITY OF SOURIS-GLENWOOD,16100.000,90 4TH ST S,3,R1,2023,expanded,low,319100,167400,151700,TRUE,10/12-2-27653
457 - TOWN OF THE PAS,17100.000,680 CATHEDRAL AVE E,3,R1,2023,expanded,low,432100,280400,151700,TRUE,19/21-2-440
121 - RM OF EAST ST. PAUL,84010.000,3110 BIRDS HILL RD,8,R2,2023,expanded,low,351900,207300,144600,TRUE,DESC 12--11579
550 - CITY OF PORTAGE LA PRAIRIE,196400.000,110 ROYAL RD N,6,R2,2023,expanded,low,298200,161800,136400,TRUE,481/482--12
451 - CITY OF STEINBACH,108000.000,299 HENRY ST,3,R1,2023,expanded,low,208000,86000,122000,TRUE,DESC 29/30-1-6174
445 - MUNICIPALITY OF RUSSELL-BINSCARTH,26500.000,203 MEMORIAL AVE N,3,R1,2023,expanded,low,229700,108700,121000,TRUE,18/20-106-O
189 - RM OF SPRINGFIELD,289760.000,68008 PR 212 RD 30E,10,R2,2023,expanded,low,314400,197400,117000,TRUE,4-15969
600 - RM OF ALEXANDER,133747.000,107010 304 PR RD,8,R2,2023,expanded,low,291600,175800,115800,TRUE,3-3-22454
433 - CITY OF MORDEN,44800.000,185 MOUNTAIN ST S,6,R2,2023,expanded,low,295500,185100,110400,TRUE,DESC 4-3-856
115 - RM OF COLDWELL,38300.000,103138 HWY 6,3,OTHER|R1,2023,expanded,low,193000,84400,108600,TRUE,DESC NE12-18-5W
114 - MUNICIPALITY OF CLANWILLIAM-ERICKSON,218000.000,39 MAIN ST,3,OTHER|R1,2023,expanded,low,157500,50500,107000,TRUE,8-2-385
409 - TOWN OF CARMAN,5700.000,120 4TH AVE SW,22,INST|OTHER|R2,2022,expanded,high,18129500,4119900,14009600,TRUE,DESC NE24-6-5W
500 - CITY OF BRANDON,424739.000,1640 SYCAMORE DR,208,R2,2022,appeared,high,11189700,0,11189700,FALSE,A-1547
201 - RM OF WEST ST. PAUL,52800.000,3813 MAIN ST,139,R2,2022,expanded,high,23809800,13035900,10773900,FALSE,DESC RL24/25-PA-3992
447 - CITY OF SELKIRK,287538.000,900 VAUGHAN AV,84,R2,2022,expanded,high,15187500,7246200,7941300,TRUE,-4-64866
208 - RM OF HEADINGLEY,104960.000,29 BLUMBERG TRL,36,R2,2022,appeared,high,7170600,0,7170600,TRUE,-4-60053
453 - TOWN OF STONEWALL,110440.000,600 3rd AVE S,33,R2,2022,appeared,high,5469400,0,5469400,TRUE,1--68346
451 - CITY OF STEINBACH,461340.000,4 BRIGHTON LANE,108,R2,2022,appeared,high,5311000,0,5311000,TRUE,1/2--53905
351 - TOWN OF STE. ANNE,35000.000,109 ST GERARD ST,38,R2,2022,appeared,high,5087600,156000,4931600,TRUE,-3-16410
437 - TOWN OF NEEPAWA,1450.000,23 HOWDEN AVE,24,R2,2022,appeared,high,4259600,0,4259600,TRUE,66--65638
110 - RM OF BROKENHEAD,36700.000,21 - 23 PINE AVE,68,R2,2022,appeared,high,3756200,0,3756200,TRUE,DESC 2/6-9-928
194 - RM OF TACHE,107390.000,265 MARCOUX AVE,48,R1,2022,expanded,high,6940000,3324100,3615900,TRUE,1--59649
351 - TOWN OF STE. ANNE,42100.000,54 VOYAGEUR DR,60,R2,2022,appeared,high,3487800,0,3487800,TRUE,DESC RL60-AN-3626
550 - CITY OF PORTAGE LA PRAIRIE,362806.000,305 OXFORD COMN,12,R2,2022,appeared,high,3158800,0,3158800,TRUE,4--65578
451 - CITY OF STEINBACH,19240.000,216 WOODHAVEN AVE,21,R2,2022,new_roll,med,2742600,0,2742600,TRUE,6--67258
500 - CITY OF BRANDON,92163.000,710 FRANKLIN ST,12,R2,2022,appeared,high,1944600,0,1944600,TRUE,36/40-22-9
451 - CITY OF STEINBACH,464536.000,51 ASHFORD LANE,22,R2,2022,expanded,high,2650900,708600,1942300,TRUE,16/17--54371
616 - LGD OF PINAWA,3980.000,70 VANIER AV,16,R2,2022,appeared,high,1711500,0,1711500,TRUE,F&N--54268
447 - CITY OF SELKIRK,207200.000,425 MAIN ST,8,OTHER|R2,2022,appeared,high,1524000,0,1524000,TRUE,161/162-4L
447 - CITY OF SELKIRK,22900.000,210 MAIN ST,6,R1,2022,appeared,high,1521800,0,1521800,TRUE,DESC RL40-CL-0
178 - RM OF ST. LAURENT,25932.000,Father Guy Lavallee BAY,9,OTHER|R1,2022,appeared,high,1453600,0,1453600,TRUE,16-11790
451 - CITY OF STEINBACH,24800.000,70 FIRST ST,20,R2,2022,expanded,high,2518900,1232900,1286000,TRUE,DESC A--67665
451 - CITY OF STEINBACH,464544.000,54 ASHFORD LANE,10,R2,2022,appeared,high,1245100,0,1245100,TRUE,19--54371
138 - RM OF LA BROQUERIE,115520.000,64 - 82 JEANNE DR,10,R2,2022,appeared,high,1201300,0,1201300,TRUE,2--71477
435 - TOWN OF MORRIS,105000.000,54 Agassiz TRL,24,R2,2022,appeared,high,1173300,0,1173300,FALSE,21--63780
700 - MUNICIPAL AND NORTHERN RELATIONS,249015.000,,4,OTHER|R1,2022,expanded,high,1848200,682800,1165400,TRUE,DESC A--40744
135 - RM OF HANOVER,138100.026,37 BEECHWOOD ST,8,R2,2022,appeared,high,1152000,0,1152000,TRUE,17--54583
500 - CITY OF BRANDON,92122.000,714 FRANKLIN ST,6,R2,2022,appeared,high,1066000,0,1066000,TRUE,33/35-22-9
433 - CITY OF MORDEN,42000.000,230 9TH ST S,18,R2,2022,expanded,high,2180700,1157900,1022800,TRUE,2--67767
463 - CITY OF WINKLER,331310.000,1126 Schooner DR,8,R2,2022,appeared,high,995800,0,995800,TRUE,12-5-62132
135 - RM OF HANOVER,113730.000,51 EDGEMONT PL,16,R2,2022,appeared,high,994700,0,994700,FALSE,20--66769
135 - RM OF HANOVER,113731.000,61 EDGEMONT PL,16,R2,2022,appeared,high,955500,0,955500,FALSE,21--66769
451 - CITY OF STEINBACH,3000.000,126 MAPLEWOOD ST,9,R2,2022,appeared,high,936900,0,936900,TRUE,10/11-2-22228
500 - CITY OF BRANDON,296038.000,1010 RICHMOND AVE,6,R2,2022,expanded,high,1003500,99800,903700,TRUE,1/3-1-289
463 - CITY OF WINKLER,183153.000,182 VICTORIA ST,6,R1,2022,expanded,high,745100,70400,674700,TRUE,5-1-30045
429 - TOWN OF MELITA,45500.000,198 TOWNSEND DR,48,INST|R2,2022,expanded,high,1618000,946300,671700,TRUE,1--464
500 - CITY OF BRANDON,3442.000,418 8TH ST,4,R1,2022,appeared,high,669100,0,669100,TRUE,DESC 8-8-2
500 - CITY OF BRANDON,50872.000,202 ROSSER AVE E,4,INST,2022,appeared,high,661200,0,661200,TRUE,19/20-26-4
437 - TOWN OF NEEPAWA,133700.000,483 SECOND AVE,4,R2,2022,appeared,high,659600,0,659600,TRUE,22/24-K-1878
119 - RM OF DE SALABERRY,181610.000,163 ST. MALO ST,4,OTHER|R1,2022,expanded,high,583200,73300,509900,TRUE,1-17970
359 - MUNICIPALITY OF STE. ROSE,300.000,120 - 150 ELEVATOR ST E,4,OTHER|R1,2022,appeared,high,471000,0,471000,TRUE,DESC --408
443 - RIVERDALE MUNICIPALITY,34800.000,427 MAIN ST,4,R1,2022,appeared,high,470800,0,470800,TRUE,3/4-19-249
457 - TOWN OF THE PAS,103800.000,239 COOK AVE,4,R2,2022,appeared,high,458200,0,458200,TRUE,13-44-587
129 - RM OF GIMLI,369000.000,38 1ST AVE,3,R1,2022,appeared,high,442900,0,442900,TRUE,DESC 91-6-13744L
411 - CITY OF DAUPHIN,376900.000,27 JACKSON ST,4,R1,2022,appeared,high,429700,0,429700,TRUE,24-2995
435 - TOWN OF MORRIS,100890.000,138 Southwood RD,6,R2,2022,appeared,high,426100,0,426100,TRUE,A&B--61803
183 - YELLOWHEAD MUNICIPALITY,371484.000,520 - 522 MARY ST,27,INST,2022,expanded,high,657500,358800,298700,TRUE,B&C--67824
750 - FISHER BAY-NORTHERN AFFAIRS ACT,67300.000,,3,R1,2022,appeared,high,289600,0,289600,TRUE,DESC SE7-29-2E
437 - TOWN OF NEEPAWA,142150.000,,60,OTHER|R1,2022,new_roll,med,280700,0,280700,TRUE,B--5428
169 - RM OF ROLAND,70805.000,Unit 1-3 - 40 PACIFIC AVE,3,R1,2022,new_roll,med,267400,0,267400,TRUE,1--67598
750 - FISHER BAY-NORTHERN AFFAIRS ACT,67690.000,,3,R1,2022,appeared,high,244100,0,244100,TRUE,DESC RL01-29-2E
704 - GODS LAKE NARROWS-NORTHERN AFFAIRS ACT,244450.000,,5,R1,2022,appeared,high,232600,0,232600,TRUE,A-23849
411 - CITY OF DAUPHIN,73800.000,121 2ND AVE NE,4,R1,2022,expanded,high,244600,74600,170000,TRUE,15-32-243
167 - CARTWRIGHT-ROBLIN MUNICIPALITY,211300.000,645 BROADWAY ST,3,R1,2022,expanded,high,206500,55900,150600,TRUE,DESC 1/2-2-57
451 - CITY OF STEINBACH,45810.000,405 - 407 GIESBRECHT ST,4,R1,2022,expanded,high,240400,99900,140500,TRUE,1/2--42641
455 - TOWN OF SWAN RIVER,225200.000,526 MAIN ST,5,OTHER|R1,2022,expanded,high,293300,161900,131400,TRUE,DESC 11--3153
550 - CITY OF PORTAGE LA PRAIRIE,341920.000,1020 - 1080 DUFFERIN AVE E,123,R2,2021,appeared,high,14759300,0,14759300,TRUE,1--64028
201 - RM OF WEST ST. PAUL,52800.000,3813 MAIN ST,139,R2,2021,appeared,high,13035900,290400,12745500,TRUE,DESC RL24/25-PA-3992
550 - CITY OF PORTAGE LA PRAIRIE,362820.000,31 - 71 OXFORD COMMON,128,R2,2021,appeared,high,8590000,0,8590000,TRUE,2--52727
463 - CITY OF WINKLER,315.000,650 SOUTH RAILWAY AVE,72,R2,2021,new_roll,med,8564500,0,8564500,TRUE,DESC C--64871
447 - CITY OF SELKIRK,287538.000,900 VAUGHAN AV,84,R2,2021,new_roll,med,7246200,0,7246200,FALSE,-4-64866
500 - CITY OF BRANDON,30817.000,638 PACIFIC AVE,59,INST|R2,2021,appeared,high,5919700,139800,5779900,TRUE,1/17-66529
500 - CITY OF BRANDON,564807.000,5 OUTBACK DR,72,R2,2021,expanded,high,9589200,4203900,5385300,TRUE,25--48868
500 - CITY OF BRANDON,391789.000,501 BRAECREST DR,108,R2,2021,appeared,high,5274800,2900,5271900,FALSE,1/3&17/20-4-1120
451 - CITY OF STEINBACH,22100.000,55 FIRST ST,32,R2,2021,appeared,high,5212600,0,5212600,TRUE,1--65318
401 - TOWN OF BEAUSEJOUR,91030.270,51 KAATZ DR,35,R2,2021,appeared,high,4698200,0,4698200,TRUE,17-33306
146 - RM OF MACDONALD,52210.000,180 FOREST DR,46,R2,2021,appeared,high,4674500,0,4674500,FALSE,1--68403
500 - CITY OF BRANDON,474056.000,1 VALCOURT WAY,18,R2,2021,appeared,high,4629400,0,4629400,TRUE,1--62480
500 - CITY OF BRANDON,391631.000,735 BRAECREST DR,24,R2,2021,appeared,high,4469400,178300,4291100,TRUE,11-4-1120
194 - RM OF TACHE,107390.000,265 MARCOUX AVE,48,R1,2021,appeared,high,3324100,0,3324100,FALSE,1--59649
433 - CITY OF MORDEN,70700.000,375 THORNHILL ST,20,R2,2021,appeared,high,2735800,0,2735800,TRUE,1-12-863
451 - CITY OF STEINBACH,41700.000,124 BRANDT ST,16,R2,2021,appeared,high,2302000,0,2302000,TRUE,A--63902
550 - CITY OF PORTAGE LA PRAIRIE,333900.000,340 - 490 4TH AVE NE,12,R2,2021,appeared,high,2246000,0,2246000,TRUE,A&B&C&D&E&F--57474
451 - CITY OF STEINBACH,1580.000,50 PTH 12 N,3,OTHER|R1|R2,2021,new_roll,med,2245500,0,2245500,TRUE,A&B&C--66750
500 - CITY OF BRANDON,85159.000,204 VICTORIA AVE,12,R2,2021,appeared,high,1935500,0,1935500,TRUE,12/15-79-8
560 - CITY OF THOMPSON,169900.000,376 - 392 THOMPSON DR,48,R2,2021,expanded,high,2431900,700500,1731400,TRUE,115-777
300 - TOWN OF ARBORG,6820.000,320 THIRD AVE,12,R2,2021,appeared,high,1712300,0,1712300,TRUE,3--45459
135 - RM OF HANOVER,144000.075,12 BARAK DR,20,R2,2021,expanded,high,1925700,509900,1415800,TRUE,1/4&A&B&C-63387
351 - TOWN OF STE. ANNE,42428.000,23 SEINE RIVER CROSSING,12,R2,2021,appeared,high,1337000,0,1337000,TRUE,20--62854
152 - RM OF MORRIS,199678.000,,8,R2,2021,new_roll,med,1283000,0,1283000,TRUE,1--65537
500 - CITY OF BRANDON,125773.000,2605 ROSSER AVE,8,R2,2021,appeared,high,1261400,0,1261400,TRUE,1/2-82-15
451 - CITY OF STEINBACH,24800.000,70 FIRST ST,20,R2,2021,appeared,high,1232900,0,1232900,FALSE,DESC A--67665
451 - CITY OF STEINBACH,464540.000,42 ASHFORD LANE,10,R2,2021,appeared,high,1218000,0,1218000,TRUE,18--54371
135 - RM OF HANOVER,144000.091,28 BARAK DR,18,R2,2021,appeared,high,1052600,0,1052600,TRUE,65--56022
351 - TOWN OF STE. ANNE,42500.000,418 CENTRAL AVE,16,R2,2021,expanded,high,2023200,974600,1048600,TRUE,1-29623
463 - CITY OF WINKLER,331305.000,1108 Schooner DR,8,R2,2021,appeared,high,994200,0,994200,TRUE,11-5-62132
500 - CITY OF BRANDON,85308.000,539 3RD ST,6,R2,2021,appeared,high,975100,0,975100,TRUE,25/26-79-8
433 - CITY OF MORDEN,340135.000,Unit 8 - 111 9th ST S,7,R3,2021,new_roll,med,938100,0,938100,TRUE,DESC 8-66477
433 - CITY OF MORDEN,42000.000,230 9TH ST S,18,R2,2021,expanded,high,1157900,275500,882400,FALSE,2--67767
451 - CITY OF STEINBACH,24300.000,44 FIRST ST,8,R2,2021,expanded,high,921300,55800,865500,TRUE,DESC 9--4595
340 - TOWN OF NIVERVILLE,2000.000,50 - 58 2ND ST N,5,R2,2021,expanded,high,848900,54600,794300,TRUE,8-6-19955
451 - CITY OF STEINBACH,219800.000,186 CHAPEL DR,18,R2,2021,expanded,high,2246300,1468300,778000,FALSE,DESC 8-1-15621
451 - CITY OF STEINBACH,2480.000,209 STONE BRIDGE CROS,8,R2,2021,expanded,high,847100,71400,775700,TRUE,12-4833
451 - CITY OF STEINBACH,464536.000,51 ASHFORD LANE,22,R2,2021,appeared,high,708600,0,708600,FALSE,16/17--54371
463 - CITY OF WINKLER,28800.000,342 2ND ST,6,R2,2021,appeared,high,664600,0,664600,TRUE,15/16-1-244
465 - TOWN OF WINNIPEG BEACH,39700.000,268 NO 9 HWY,6,R2,2021,appeared,high,586200,0,586200,TRUE,DESC 6-7-2831
500 - CITY OF BRANDON,296228.000,1534 10TH ST,4,R1,2021,appeared,high,561800,0,561800,TRUE,15/16-1-289
463 - CITY OF WINKLER,27000.000,195 6TH ST,6,R2,2021,appeared,high,558100,0,558100,TRUE,1--65699
500 - CITY OF BRANDON,146811.000,618 12TH ST,4,R1,2021,appeared,high,552000,0,552000,TRUE,34/35-29-16
500 - CITY OF BRANDON,69757.000,1053 8TH ST,4,R1,2021,appeared,high,538700,0,538700,TRUE,35/37-34-7
119 - RM OF DE SALABERRY,70150.000,110 CHEM EAST LAKESHORE RD,9,OTHER,2021,expanded,high,816200,287900,528300,TRUE,DESC C--54316
163 - RM OF PORTAGE LA PRAIRIE,769200.000,405 3RD AVE,4,R1,2021,appeared,high,487700,0,487700,TRUE,13/15-328
435 - TOWN OF MORRIS,40850.000,40 55 70 REBECCA COVE,12,R1,2021,expanded,high,1040300,598200,442100,TRUE,4&10--23502
500 - CITY OF BRANDON,149674.000,847 11TH ST,3,R1,2021,appeared,high,436800,0,436800,TRUE,DESC 15/16-37-16
447 - CITY OF SELKIRK,81100.000,209 EATON AVE,7,R2,2021,expanded,high,449400,83200,366200,TRUE,6/7--10542L
164 - MUNICIPALITY OF RHINELAND,401150.000,311 MAIN AVE,4,R1,2021,expanded,high,166700,13900,152800,TRUE,3-33956
119 - RM OF DE SALABERRY,173800.000,76 BOURGEOIS AVE,3,R1,2021,expanded,high,223700,113900,109800,TRUE,DESC 19--530
201 - RM OF WEST ST. PAUL,39700.000,269 BALDERSTONE RD,59,R2,2020,appeared,high,13142300,0,13142300,TRUE,2/5--9317
500 - CITY OF BRANDON,560664.000,2005 TRACEY ST,116,R1,2020,expanded,low,18162100,7855300,10306800,TRUE,4--45570
500 - CITY OF BRANDON,561944.000,2200 PACIFIC AVE,128,R2,2020,expanded,low,18605400,8951100,9654300,FALSE,B--46903
208 - RM OF HEADINGLEY,80401.000,19 HEARTLAND TRL,24,R2,2020,appeared,high,5479900,0,5479900,TRUE,C--52525
449 - MUNICIPALITY OF SOURIS-GLENWOOD,118000.000,105 1ST ST S,18,OTHER|R2,2020,appeared,high,4781600,0,4781600,TRUE,7/17-11-21024
340 - TOWN OF NIVERVILLE,21900.000,79 4TH AVE S,22,R2,2020,appeared,high,3230500,0,3230500,TRUE,11-6-19956
340 - TOWN OF NIVERVILLE,21300.000,71 4TH AVE S,24,R2,2020,appeared,high,3141800,0,3141800,TRUE,10-6-19956
351 - TOWN OF STE. ANNE,59010.000,255 ST ALPHONSE AVE,43,R2,2020,expanded,low,6294800,3390000,2904800,FALSE,B&C--63058
351 - TOWN OF STE. ANNE,42408.000,29 - 35 SEINE RIVER CROSSING,20,R2,2020,appeared,high,2265900,0,2265900,TRUE,21/22--62854
447 - CITY OF SELKIRK,121301.000,85 MAIN ST,32,R2,2020,appeared,med,2297100,68400,2228700,TRUE,1-32-38
500 - CITY OF BRANDON,181909.000,927 26TH ST,8,OTHER|R2,2020,appeared,high,1956200,0,1956200,TRUE,7/10-40-720
451 - CITY OF STEINBACH,42270.000,29 CAMBRIDGE WAY,16,R2,2020,appeared,high,1932300,0,1932300,TRUE,C&D--55692
451 - CITY OF STEINBACH,4050.000,295 LOEWEN BLVD,33,R2,2020,expanded,low,3979400,2050600,1928800,FALSE,B&C--55373
500 - CITY OF BRANDON,235671.000,Unit D - 4151 MCTAVISH AVE,12,R2,2020,appeared,high,1920700,0,1920700,TRUE,1-59689
500 - CITY OF BRANDON,235705.000,Unit E - 4151 MCTAVISH AVE,12,R2,2020,appeared,high,1901600,0,1901600,TRUE,4-59689
500 - CITY OF BRANDON,235713.000,Unit F - 4151 MCTAVISH AVE,12,R2,2020,appeared,high,1868600,0,1868600,TRUE,5-59689
351 - TOWN OF STE. ANNE,42444.000,13 - 15 SEINE RIVER CROSSING,20,R2,2020,expanded,low,2573900,896800,1677100,TRUE,1/3--59476
351 - TOWN OF STE. ANNE,10500.000,46 LANGEVIN RD,19,R2,2020,appeared,high,1575400,0,1575400,TRUE,1--68958
451 - CITY OF STEINBACH,219800.000,186 CHAPEL DR,18,R2,2020,appeared,med,1468300,12000,1456300,TRUE,DESC 8-1-15621
175 - RM OF STE. ANNE,55198.000,149 DAWSON RD E,8,R2,2020,appeared,high,1332400,0,1332400,TRUE,16--47650
407 - TOWN OF CARBERRY,78000.000,555 MAIN ST,17,R2,2020,expanded,low,2871300,1609000,1262300,TRUE,2--75910
457 - TOWN OF THE PAS,250110.000,524 FAFORD AVE,45,R2,2020,expanded,low,2352300,1093900,1258400,TRUE,1-21240
729 - MEADOW PORTAGE-NORTHERN AFFAIRS ACT,419900.000,PR 276,86,R1,2020,expanded,low,2306300,1071000,1235300,TRUE,2--59307
451 - CITY OF STEINBACH,220710.000,83 CHRYSLER GATE,8,R2,2020,appeared,high,1060100,0,1060100,TRUE,1--62346
451 - CITY OF STEINBACH,220715.000,87 CHRYSLER GATE,8,R2,2020,appeared,high,1060100,0,1060100,TRUE,2--62346
500 - CITY OF BRANDON,85357.000,563 3RD ST,6,R2,2020,appeared,high,987700,0,987700,TRUE,29/30-79-8
431 - TOWN OF MINNEDOSA,75050.000,140 3RD AVE SW,8,R2,2020,appeared,med,992600,13500,979100,TRUE,1/10-13-4
351 - TOWN OF STE. ANNE,44010.000,744 TRAVERSE RD,24,R2,2020,expanded,low,1784800,824100,960700,TRUE,2-25954
500 - CITY OF BRANDON,150631.000,655 11TH ST,6,R2,2020,appeared,high,884100,0,884100,TRUE,DESC 18/20-39-16
331 - HAMIOTA MUNICIPALITY,46300.000,74 MAPLE AVE E,8,R2,2020,appeared,high,824600,0,824600,TRUE,DESC 3-2-26063
189 - RM OF SPRINGFIELD,695700.000,Unit 862 - 868 WEISER CRES,12,R2,2020,expanded,low,1414900,603700,811200,TRUE,2--61534
153 - MUNICIPALITY OF BOISSEVAIN-MORTON,262700.000,550 MILL RD,6,OTHER|R2,2020,expanded,low,736000,87500,648500,TRUE,DESC 25/26-12-403
411 - CITY OF DAUPHIN,278500.000,327 - 331 6TH AVE SE,8,R1,2020,appeared,high,646800,0,646800,TRUE,1-1377
451 - CITY OF STEINBACH,103600.000,510 WILSON ST,29,INST,2020,expanded,low,1548500,924900,623600,FALSE,2--70218
455 - TOWN OF SWAN RIVER,159500.000,440 CURRIE RD N,4,R1,2020,appeared,high,540700,0,540700,TRUE,8-1-2315
163 - RM OF PORTAGE LA PRAIRIE,755800.000,102 2nd ST,4,R1,2020,appeared,high,488800,0,488800,TRUE,DESC 1/3-2-226
435 - TOWN OF MORRIS,40850.000,40 55 70 REBECCA COVE,12,R1,2020,expanded,low,598200,259600,338600,FALSE,4&10--23502
133 - RM OF GREY,96750.000,78 GORDON AVE,13,R2,2020,expanded,low,578800,254600,324200,TRUE,DESC 3-3-2024
129 - RM OF GIMLI,355000.000,31 - 33 CENTRE ST,3,OTHER|R1,2020,expanded,low,641600,353100,288500,TRUE,DESC 31/32-5-17671L
550 - CITY OF PORTAGE LA PRAIRIE,196500.000,104 ROYAL RD N,4,R2,2020,expanded,low,317900,47400,270500,TRUE,483/485-12
457 - TOWN OF THE PAS,57450.000,627 CATHEDRAL AVE,36,OTHER|R2,2020,expanded,low,686800,434800,252000,TRUE,DESC 1/3&20/22-7A-562
124 - RM OF ELTON,49210.000,60028 ROAD 109W,3,OTHER|R1,2020,expanded,low,445600,213600,232000,TRUE,1-31646
500 - CITY OF BRANDON,179572.000,861 22ND ST,4,R1,2020,expanded,low,499500,314500,185000,TRUE,DESC 18/20-29-720
175 - RM OF STE. ANNE,65620.000,42122 46 RD N,5,R1,2020,appeared,high,168400,0,168400,TRUE,2--62558
550 - CITY OF PORTAGE LA PRAIRIE,174600.000,61 TUPPER ST S,7,R2,2020,expanded,low,188700,41700,147000,TRUE,117/118--12
500 - CITY OF BRANDON,28803.000,115 3RD ST,3,R1,2020,expanded,low,394300,255600,138700,TRUE,25/26-67-2
151 - RM OF MONTCALM,124400.000,151 - 153 CARON ST,3,R1,2020,expanded,low,271000,142100,128900,TRUE,B&D--58087
500 - CITY OF BRANDON,419408.000,2235 BRANDON AVE,3,R1,2020,expanded,low,254600,143400,111200,TRUE,10-1495
500 - CITY OF BRANDON,2923.000,420 7TH ST,3,R1,2020,expanded,low,197500,86700,110800,TRUE,7/8-7-2
411 - CITY OF DAUPHIN,165000.000,436 - 440 1ST AVE NE,4,R1,2020,expanded,low,164500,57200,107300,TRUE,DESC 9-83-379
409 - TOWN OF CARMAN,19700.000,80 & 82 MAIN ST S,3,OTHER|R1,2020,expanded,low,233900,127700,106200,TRUE,41/43-5-33408
550 - CITY OF PORTAGE LA PRAIRIE,234200.000,120 LORNE AVE E,3,R1,2020,expanded,low,180700,79100,101600,TRUE,DESC 14/15--24
340 - TOWN OF NIVERVILLE,33205.000,161/171 2ND AVE S,49,INST|OTHER,2019,appeared,high,12324200,0,12324200,TRUE,1/50-66069
208 - RM OF HEADINGLEY,104940.000,,84,R2,2019,appeared,high,11145100,0,11145100,TRUE,4/5--50318
500 - CITY OF BRANDON,560664.000,2005 TRACEY ST,116,R1,2019,appeared,high,7855300,0,7855300,FALSE,4--45570
500 - CITY OF BRANDON,203299.000,2105 BRANDON AVE,63,INST|R2,2019,appeared,high,6405300,0,6405300,TRUE,1--58054
453 - TOWN OF STONEWALL,86605.000,622 CENTRE AVE,194,INST|R2,2019,expanded,high,16461500,10578700,5882800,TRUE,1-30771
351 - TOWN OF STE. ANNE,59010.000,255 ST ALPHONSE AVE,43,R2,2019,new_roll,med,3390000,0,3390000,TRUE,B&C--63058
451 - CITY OF STEINBACH,5208.000,67 - 85 PARKVIEW CRES,102,R2,2019,expanded,high,5889200,2558500,3330700,TRUE,DESC 9-7-22520
451 - CITY OF STEINBACH,62100.000,248 HANOVER ST,24,R2,2019,appeared,high,2690200,60100,2630100,TRUE,DESC 1/24-63247
194 - RM OF TACHE,107340.000,237 MARCOUX AVE,48,R2,2019,expanded,high,4741400,2227200,2514200,TRUE,1/48-59650
116 - RM OF CORNWALLIS,105670.000,,66,R1|R2,2019,expanded,high,4195500,1726700,2468800,TRUE,DESC NE1&SE1-10-17W
447 - CITY OF SELKIRK,49600.000,215 REID AVE,37,R2,2019,expanded,high,3737500,1831400,1906100,TRUE,DESC 13/14--9327L
500 - CITY OF BRANDON,235689.000,Unit C - 4151 MCTAVISH AVE,12,R2,2019,appeared,high,1735200,0,1735200,TRUE,2-59689
500 - CITY OF BRANDON,235721.000,Unit A - 4151 MCTAVISH AVE,12,R2,2019,appeared,high,1720300,0,1720300,TRUE,6-59689
196 - MUNICIPALITY OF KILLARNEY-TURTLE MOUNTAIN,361500.000,411 MOUNTAIN AVE,10,R2,2019,appeared,high,1649300,0,1649300,TRUE,21/25-24-404
105 - MUNICIPALITY OF BIFROST-RIVERTON,421910.000,64 MAIN ST N,39,R2,2019,expanded,high,2955200,1381800,1573400,TRUE,2/3--45039
431 - TOWN OF MINNEDOSA,101300.000,169 MAIN ST S,42,R2,2019,expanded,high,2486400,965000,1521400,TRUE,DESC 37/38-11-4
351 - TOWN OF STE. ANNE,42440.000,17 SEINE RIVER CROSSING,12,R2,2019,appeared,high,1369300,0,1369300,TRUE,4/5--59476
363 - TOWN OF TEULON,37800.000,137 FIFTH AVE SE,12,R2,2019,appeared,high,1291000,0,1291000,TRUE,24-2371
447 - CITY OF SELKIRK,202100.000,602 - 608 CHRISTIE AVE,12,R2,2019,appeared,high,1237500,0,1237500,TRUE,A&B&C&D--58324
165 - RM OF RITCHOT,82400.000,430 MAIN ST,4,OTHER|R1,2019,appeared,high,1100900,0,1100900,TRUE,15-4930
351 - TOWN OF STE. ANNE,42444.000,13 - 15 SEINE RIVER CROSSING,20,R2,2019,appeared,high,896800,0,896800,FALSE,1/3--59476
500 - CITY OF BRANDON,31625.000,829 ROSSER AVE,8,OTHER|R1,2019,expanded,high,1043800,218300,825500,TRUE,DESC 24/26-76-2
351 - TOWN OF STE. ANNE,44010.000,744 TRAVERSE RD,24,R2,2019,appeared,high,824100,0,824100,FALSE,2-25954
455 - TOWN OF SWAN RIVER,313900.000,1331 1ST ST N,14,INST,2019,appeared,high,761900,0,761900,TRUE,1/2--63200
351 - TOWN OF STE. ANNE,37600.000,320 CENTRAL AVE,12,R2,2019,expanded,high,866400,190500,675900,TRUE,1-35100
500 - CITY OF BRANDON,58859.000,1439 6TH ST,4,R1,2019,expanded,high,748700,93900,654800,TRUE,26/28-4-7
500 - CITY OF BRANDON,147413.000,527 12TH ST,3,R1,2019,appeared,high,656500,5800,650700,TRUE,7/8-31-16
550 - CITY OF PORTAGE LA PRAIRIE,345000.000,635 DUFFERIN AVE E,6,R2,2019,appeared,high,618800,0,618800,TRUE,DESC 79/81-6-102
500 - CITY OF BRANDON,88724.000,517 FRANKLIN ST,4,R1,2019,appeared,high,612200,0,612200,TRUE,DESC 34/36-7-9
189 - RM OF SPRINGFIELD,695700.000,Unit 862 - 868 WEISER CRES,12,R2,2019,appeared,high,603700,0,603700,FALSE,2--61534
500 - CITY OF BRANDON,48769.000,139 LORNE AVE E,3,R1,2019,appeared,high,577000,0,577000,TRUE,1/3-22-4
500 - CITY OF BRANDON,41749.000,402 PARK ST,3,R1,2019,appeared,high,561100,0,561100,TRUE,10-5-4
437 - TOWN OF NEEPAWA,134000.000,474 SECOND AVE,4,R1,2019,appeared,high,545300,0,545300,TRUE,DESC 1--31047
208 - RM OF HEADINGLEY,106300.000,850 GREEN OAKS LANE,7,INST|R1,2019,expanded,high,1567600,1044700,522900,TRUE,DESC RL87/88-CH
500 - CITY OF BRANDON,63081.000,1315 8TH ST,3,R1,2019,appeared,high,490300,0,490300,TRUE,24/25-15-7
550 - CITY OF PORTAGE LA PRAIRIE,284300.000,64 3RD ST SE,5,R2,2019,expanded,high,491700,26200,465500,TRUE,10/11-11-21428
435 - TOWN OF MORRIS,7200.000,339 MAIN ST S,6,R2,2019,appeared,high,429700,0,429700,TRUE,9/10-7-15
135 - RM OF HANOVER,144000.075,12 BARAK DR,20,R2,2019,appeared,high,427300,0,427300,FALSE,1/4&A&B&C-63387
300 - TOWN OF ARBORG,41730.000,323 FIRST AVE,5,R2,2019,appeared,high,426000,0,426000,TRUE,3--57935
138 - RM OF LA BROQUERIE,115515.000,52 - 62 PROMENADE JEANNE DR,6,R2,2019,expanded,high,834300,413500,420800,TRUE,1--62627
449 - MUNICIPALITY OF SOURIS-GLENWOOD,16400.000,134 5th AVE W,5,R1,2019,expanded,high,713800,296300,417500,TRUE,1/4&6-2-27653
129 - RM OF GIMLI,30600.000,103052 PTH 9,26,INST,2019,expanded,high,1014200,605000,409200,TRUE,DESC SE9-18-4E
609 - MUNICIPALITY OF HARRISON PARK,51840.000,SPORTYS-OLD RED BARN,9,OTHER|R1,2019,expanded,high,843700,485100,358600,TRUE,5--5854
411 - CITY OF DAUPHIN,217200.000,102 RAILWAY AVE,4,R1,2019,appeared,high,299800,0,299800,TRUE,DESC 44/45-1-420
111 - MUNICIPALITY OF GRASSLAND,438605.000,216 QUEEN ST,4,R1,2019,appeared,high,298800,0,298800,TRUE,1--35741
139 - RM OF LAC DU BONNET,202100.000,46 & 50 Purves RD,3,R1,2019,expanded,high,457800,171100,286700,TRUE,B--35766
433 - CITY OF MORDEN,87100.000,65 STEPHEN ST,3,OTHER|R1,2019,expanded,high,549400,279800,269600,TRUE,DESC 13/15-21-863
463 - CITY OF WINKLER,7750.000,235 4TH ST,3,R1,2019,expanded,high,278500,61700,216800,TRUE,DESC 7-9-106
500 - CITY OF BRANDON,32045.000,943 ROSSER AVE,9,OTHER|R2,2019,expanded,high,426100,245800,180300,TRUE,DESC 24/26-77-2
124 - RM OF ELTON,49210.000,60028 ROAD 109W,3,OTHER|R1,2019,expanded,high,213600,37000,176600,FALSE,1-31646
500 - CITY OF BRANDON,20776.000,1540 PRINCESS AVE,4,R1,2019,expanded,high,285600,141800,143800,TRUE,DESC 21/24-49-2
437 - TOWN OF NEEPAWA,121300.000,244 HAMILTON ST,4,OTHER|R1,2019,expanded,high,185600,47200,138400,TRUE,3-5-26984
560 - CITY OF THOMPSON,233900.101,364 - 424 PRINCETON DR,273,R2,2018,appeared,med,15689100,77700,15611400,TRUE,7/8-175-847
189 - RM OF SPRINGFIELD,618790.000,800 JAFFRAY ST,47,R2,2018,appeared,high,9131300,0,9131300,TRUE,1--75688
163 - RM OF PORTAGE LA PRAIRIE,585500.000,,188,R1,2018,appeared,high,5646300,0,5646300,TRUE,B&C&D&E--49840
451 - CITY OF STEINBACH,14195.000,330 - 340 STONE BRIDGE CROS,131,INST|R2,2018,expanded,low,8036300,3320600,4715700,TRUE,2--65640
411 - CITY OF DAUPHIN,351500.000,201 HAWTHORNE AVE,50,R2,2018,expanded,low,6565100,2615800,3949300,TRUE,26--51506
189 - RM OF SPRINGFIELD,179100.000,604 MAIN ST,21,R2,2018,appeared,med,3027200,100900,2926300,TRUE,29-3-7777
156 - MUNICIPALITY OF NORTH NORFOLK,324100.000,66 VICTORIA ST,16,INST|OTHER|R2,2018,appeared,high,2819000,0,2819000,TRUE,B&C&D--54151
445 - MUNICIPALITY OF RUSSELL-BINSCARTH,88350.000,607 Main ST N,24,INST,2018,appeared,high,2695900,0,2695900,TRUE,1/24-61107
500 - CITY OF BRANDON,17194.000,512 PRINCESS AVE,24,R2,2018,appeared,high,2554600,0,2554600,TRUE,14/20-39-2
500 - CITY OF BRANDON,235697.000,Unit B - 4151 MCTAVISH AVE,12,R2,2018,new_roll,med,1722200,0,1722200,TRUE,3-59689
560 - CITY OF THOMPSON,227200.000,25A - 25C CAMBRIDGE ST,12,R2,2018,appeared,high,1357200,0,1357200,TRUE,1-2-56417
560 - CITY OF THOMPSON,225300.000,24A - 24B CAMBRIDGE ST,12,R2,2018,appeared,high,1345900,0,1345900,TRUE,1-1-56417
192 - RM OF PRAIRIE LAKES,83207.000,SPRUCE & PINE ST,18,R1,2018,new_roll,med,1276700,0,1276700,TRUE,DESC NE8-5-16W
152 - RM OF MORRIS,199675.000,14 SPRUCE CRES,12,INST,2018,expanded,low,2563600,1301900,1261700,TRUE,2--65537
175 - RM OF STE. ANNE,55214.000,71 - 83 GODARD ST,9,R2,2018,appeared,high,1158500,0,1158500,TRUE,2&7/11-2-15281
351 - TOWN OF STE. ANNE,42458.000,1 SEINE RIVER CROSSING RD,9,R2,2018,appeared,high,1023900,0,1023900,TRUE,15--56404
500 - CITY OF BRANDON,85654.000,553 2ND ST,8,R2,2018,appeared,high,990000,0,990000,TRUE,DESC 27/30-80-8
138 - RM OF LA BROQUERIE,114800.000,146 PRINCIPALE ST,11,R2,2018,expanded,low,1049500,84200,965300,TRUE,3-2-10672
433 - CITY OF MORDEN,42300.000,126 9TH ST S,16,R2,2018,expanded,low,1661500,838900,822600,TRUE,2--68675
192 - RM OF PRAIRIE LAKES,83209.000,NLSD,17,R1,2018,new_roll,med,747800,0,747800,FALSE,DESC NE8-5-16W
437 - TOWN OF NEEPAWA,123900.000,397 FIRST AVE,5,R2,2018,appeared,high,739200,0,739200,TRUE,1/3-4-26984
550 - CITY OF PORTAGE LA PRAIRIE,65450.000,Unit 540 - 560 13TH ST NW,8,R1,2018,expanded,low,999000,280600,718400,TRUE,A&B&D&E&F&G&H--21568
192 - RM OF PRAIRIE LAKES,83453.000,ANGEL POINT,8,R1,2018,new_roll,med,681800,0,681800,TRUE,DESC 1--22952
177 - RM OF ST. FRANCOIS XAVIER,111900.000,1005 26 HWY,8,R2,2018,appeared,high,618000,0,618000,TRUE,DESC IT183-FX-4600
162 - RM OF PIPESTONE,54870.000,THIRD AVE,4,R1,2018,appeared,high,613600,0,613600,TRUE,A--58138
433 - CITY OF MORDEN,38400.000,343 MOUNTAIN ST,3,INST,2018,expanded,low,796500,204200,592300,TRUE,18/20-24-855
500 - CITY OF BRANDON,63073.000,730 QUEENS AVE,4,R1,2018,appeared,high,545200,0,545200,TRUE,21/23-15-7
500 - CITY OF BRANDON,94102.000,947 1ST ST,4,R1,2018,appeared,high,523800,0,523800,TRUE,DESC 12/15-33-9
500 - CITY OF BRANDON,81224.000,741 6TH ST,4,R1,2018,appeared,high,509800,0,509800,TRUE,24/25-60-8
112 - RM OF CARTIER,123850.000,11 MAGLOIRE ST,21,R2,2018,expanded,low,944600,460100,484500,TRUE,1-31658
145 - MUNICIPALITY OF LOUISE,335060.000,6 - 12 NORTH RAILWAY AVE E,4,R1,2018,appeared,high,424300,0,424300,TRUE,M&N--59293
609 - MUNICIPALITY OF HARRISON PARK,97650.000,12 Victor AVE,6,R2,2018,appeared,high,421600,0,421600,TRUE,1--44176
206 - RM OF WOODLANDS,74100.000,10123 ROAD 82NW,17,OTHER|R1,2018,expanded,low,1199400,782700,416700,TRUE,DESC SW29-14-2W
138 - RM OF LA BROQUERIE,115515.000,52 - 62 PROMENADE JEANNE DR,6,R2,2018,appeared,high,413500,0,413500,FALSE,1--62627
192 - RM OF PRAIRIE LAKES,83211.000,SLSD,8,R1,2018,new_roll,med,403300,0,403300,TRUE,DESC NE8-5-16W
550 - CITY OF PORTAGE LA PRAIRIE,284000.000,70 3RD ST SE,4,R1,2018,appeared,high,402500,0,402500,TRUE,9-11-21428
500 - CITY OF BRANDON,32458.000,24 11TH ST,5,INST,2018,appeared,high,387200,0,387200,TRUE,DESC 6/8&LANE-79-2
449 - MUNICIPALITY OF SOURIS-GLENWOOD,3800.000,16 - 20 4TH AVE W,3,R1,2018,expanded,low,387300,27800,359500,TRUE,5--49571
449 - MUNICIPALITY OF SOURIS-GLENWOOD,4100.000,28 - 32 4TH AVE W,3,R1,2018,expanded,low,387300,51800,335500,TRUE,3--49571
451 - CITY OF STEINBACH,320300.000,98-100 - 102 CLEARWATER AVE,3,R1,2018,appeared,high,330800,0,330800,TRUE,9--54862
609 - MUNICIPALITY OF HARRISON PARK,51840.000,SPORTYS-OLD RED BARN,9,OTHER|R1,2018,expanded,low,485100,236000,249100,FALSE,5--5854
411 - CITY OF DAUPHIN,148700.000,815 MAIN ST S,3,R1,2018,appeared,high,223600,0,223600,TRUE,8-60-359
129 - RM OF GIMLI,355000.000,31 - 33 CENTRE ST,3,OTHER|R1,2018,expanded,low,353100,148900,204200,FALSE,DESC 31/32-5-17671L
461 - TOWN OF VIRDEN,27600.000,423 7TH AVE S,4,OTHER|R1,2018,expanded,low,387800,190700,197100,TRUE,DESC 19/20-82-2088
133 - RM OF GREY,87200.000,14 RAILWAY AVE,6,R2,2018,expanded,low,328000,136900,191100,TRUE,DESC 1/7--589
200 - MUNICIPALITY OF WESTLAKE-GLADSTONE,378700.000,113 BROADWAY AVE E,3,R1,2018,expanded,low,211200,37600,173600,TRUE,19/23-4-507
500 - CITY OF BRANDON,404608.000,801 FREDERICK ST,4,R1,2018,expanded,low,290500,136300,154200,TRUE,1/2-1382
433 - CITY OF MORDEN,125400.000,505 NORTH RAILWAY ST,3,R1,2018,expanded,low,318000,170100,147900,TRUE,11/12-46-863
162 - RM OF PIPESTONE,39000.000,125 - 133 SIXTH ST,4,R1,2018,expanded,low,279600,139000,140600,TRUE,DESC 12/15-6-68
500 - CITY OF BRANDON,28803.000,115 3RD ST,3,R1,2018,expanded,low,384600,253300,131300,FALSE,25/26-67-2
182 - MUNICIPALITY OF ROBLIN,346600.000,345 MAIN ST W,3,R1,2018,expanded,low,298700,179000,119700,TRUE,2--74120
400 - TOWN OF ALTONA,82000.000,20 1ST ST SE,3,R1,2018,expanded,low,216800,104500,112300,TRUE,22-1-1411
451 - CITY OF STEINBACH,40826.000,165 REIMER AVE W,8,R2,2018,expanded,low,213100,104900,108200,FALSE,4-23648
451 - CITY OF STEINBACH,40824.000,175 REIMER AVE W,8,R2,2018,expanded,low,222500,116700,105800,FALSE,3-23648
451 - CITY OF STEINBACH,40822.000,185 REIMER AVE W,8,R2,2018,expanded,low,222700,117100,105600,FALSE,2-23648
451 - CITY OF STEINBACH,134200.000,476 - 478 REIMER AVE,8,R1,2018,expanded,low,219800,115000,104800,TRUE,DESC C&D--9696
165 - RM OF RITCHOT,87100.000,359 DUFAULT DR,12,R2,2018,expanded,low,274000,172100,101900,FALSE,30-4930
500 - CITY OF BRANDON,35709.000,59 10TH ST N,4,R1,2018,expanded,low,312900,211000,101900,TRUE,22/24-91-2
500 - CITY OF BRANDON,31625.000,829 ROSSER AVE,8,OTHER|R1,2018,expanded,low,218300,117800,100500,FALSE,DESC 24/26-76-2
451 - CITY OF STEINBACH,40828.000,155 REIMER AVE W,8,R2,2018,expanded,low,257400,157000,100400,FALSE,5-23648
447 - CITY OF SELKIRK,288370.000,1027 MANITOBA AVE,270,R2,2017,appeared,high,16897600,163900,16733700,FALSE,1/2--59191
463 - CITY OF WINKLER,300.000,650 SOUTH RAILWAY AVE,96,INST|OTHER|R2,2017,appeared,high,15761300,0,15761300,TRUE,DESC A&B&C&D&E&F&G--64870
500 - CITY OF BRANDON,561944.000,2200 PACIFIC AVE,128,R2,2017,appeared,high,9933800,0,9933800,TRUE,B--46903
431 - TOWN OF MINNEDOSA,91100.000,WESTVIEW ESTATES,15,R1,2017,appeared,high,3102900,0,3102900,TRUE,1/2--57992
500 - CITY OF BRANDON,398545.000,531 QUEENS AVE E,21,R1|R2,2017,expanded,high,3084800,179300,2905500,TRUE,DESC 5-9-1128
194 - RM OF TACHE,107340.000,237 MARCOUX AVE,48,R2,2017,appeared,high,2512100,0,2512100,FALSE,1/48-59650
340 - TOWN OF NIVERVILLE,19500.000,111 2ND AVE S,35,INST,2017,appeared,high,2043000,0,2043000,TRUE,3--60588
433 - CITY OF MORDEN,92650.000,215 Stephen ST,14,OTHER|R2,2017,appeared,high,1764900,0,1764900,TRUE,16/21-24-863
105 - MUNICIPALITY OF BIFROST-RIVERTON,438500.000,70 MAIN ST,12,OTHER|R2,2017,appeared,high,1028200,0,1028200,TRUE,15/16-2-17080
105 - MUNICIPALITY OF BIFROST-RIVERTON,421910.000,64 MAIN ST N,39,R2,2017,expanded,high,1360300,405500,954800,FALSE,2/3--45039
351 - TOWN OF STE. ANNE,42500.000,418 CENTRAL AVE,16,R2,2017,appeared,high,909300,0,909300,FALSE,1-29623
407 - TOWN OF CARBERRY,83700.000,365 DUFFERIN ST,8,R2,2017,appeared,high,847300,0,847300,TRUE,4--56610
407 - TOWN OF CARBERRY,83800.000,347 DUFFERIN ST,8,R2,2017,appeared,high,847300,0,847300,TRUE,5--56610
144 - MUNICIPALITY OF LORNE,329500.000,88 NOTRE DAME AVE NW,18,R1,2017,expanded,high,1594700,755100,839600,TRUE,2/3--21006
411 - CITY OF DAUPHIN,42050.000,135 1ST AVE SW,14,INST,2017,appeared,high,756700,0,756700,TRUE,DESC 18/20-1-243
433 - CITY OF MORDEN,42300.000,126 9TH ST S,16,R2,2017,expanded,high,838900,96300,742600,FALSE,2--68675
138 - RM OF LA BROQUERIE,113295.000,7 CHOISELAT ST,7,R2,2017,new_roll,med,614400,0,614400,TRUE,2--58175
164 - MUNICIPALITY OF RHINELAND,414930.000,16 MAPLE DR,23,R2,2017,appeared,high,569800,0,569800,TRUE,3/6-2-1044
605 - RM OF FISHER,457660.000,21 HERITAGE ROW,5,R2,2017,appeared,high,513800,0,513800,TRUE,DESC 5--36982
363 - TOWN OF TEULON,6900.000,149 FIRST ST SE,16,R2,2017,expanded,high,678300,179600,498700,TRUE,8-5-1155
500 - CITY OF BRANDON,19281.000,229 12TH ST,4,R1,2017,appeared,high,494200,0,494200,TRUE,29/30-45-2
187 - MUNICIPALITY OF GLENBORO-SOUTH CYPRESS,234570.000,104 - 114 MILES ST,10,R3,2017,expanded,high,748800,274600,474200,TRUE,20--59517
457 - TOWN OF THE PAS,182630.000,17 ST GODDARD ST,4,R1,2017,appeared,high,418600,0,418600,TRUE,2-30226
433 - CITY OF MORDEN,42100.000,220 9TH ST S,26,R2,2017,expanded,high,857100,448700,408400,TRUE,1--55044
500 - CITY OF BRANDON,53751.000,415 ROSSER AVE E,3,R1,2017,appeared,high,390200,0,390200,TRUE,DESC 5/6-35-4
153 - MUNICIPALITY OF BOISSEVAIN-MORTON,237200.000,478 CHERRY ST,4,R1,2017,appeared,high,377800,0,377800,TRUE,1/2-13-403
129 - RM OF GIMLI,136300.000,109129 PTH 9,4,R2,2017,appeared,high,360300,0,360300,TRUE,2/3--6767
340 - TOWN OF NIVERVILLE,32160.000,10 CEDAR DR,3,OTHER|R1,2017,expanded,high,970500,640800,329700,TRUE,1--47549
550 - CITY OF PORTAGE LA PRAIRIE,65450.000,Unit 540 - 560 13TH ST NW,8,R1,2017,appeared,high,280600,0,280600,FALSE,A&B&D&E&F&G&H--21568
609 - MUNICIPALITY OF HARRISON PARK,51840.000,SPORTYS-OLD RED BARN,9,OTHER|R1,2017,new_roll,med,236000,0,236000,FALSE,5--5854
114 - MUNICIPALITY OF CLANWILLIAM-ERICKSON,211500.000,59 FIRST ST NE,21,R2,2017,expanded,high,450700,225500,225200,TRUE,DESC 23/27--651
411 - CITY OF DAUPHIN,219400.000,15 RAILWAY AVE,3,R1,2017,expanded,high,227600,23800,203800,TRUE,10-2-420
433 - CITY OF MORDEN,125400.000,505 NORTH RAILWAY ST,3,R1,2017,expanded,high,170100,66300,103800,FALSE,11/12-46-863
206 - RM OF WOODLANDS,27400.000,323 ATWELL LANE,3,R1,2017,expanded,high,231700,128300,103400,TRUE,1--74031
400 - TOWN OF ALTONA,17200.000,140 10th AVE NE,117,INST|R2,2016,appeared,med,11141400,495100,10646300,TRUE,DESC 7/14--243
500 - CITY OF BRANDON,346858.000,1324 1ST ST N,48,R2,2016,appeared,high,8054300,0,8054300,TRUE,8/9-1-848
447 - CITY OF SELKIRK,287749.000,300 Tudor Road AVE W,34,R2,2016,appeared,high,4627500,0,4627500,TRUE,3--50781
447 - CITY OF SELKIRK,87300.000,424 EVELINE ST,40,R2,2016,appeared,high,4214700,0,4214700,TRUE,1-2-24842
165 - RM OF RITCHOT,104092.000,511 MEADOWLARK BLVD,58,R2,2016,expanded,low,8068900,4405100,3663800,TRUE,11/12--47328
560 - CITY OF THOMPSON,132000.000,107 NICKEL RD,114,R2,2016,expanded,low,6134100,2780700,3353400,TRUE,1--49408
409 - TOWN OF CARMAN,117505.000,180 SOUTH PARK DR,68,R2,2016,expanded,low,8977200,5624000,3353200,TRUE,1-1-47843
189 - RM OF SPRINGFIELD,178800.000,628 MAIN ST,24,R2,2016,appeared,high,2940300,0,2940300,TRUE,DESC A--54439
433 - CITY OF MORDEN,301380.000,930 PARKHILL DR,24,R2,2016,appeared,high,2652100,0,2652100,TRUE,1--61904
451 - CITY OF STEINBACH,4050.000,295 LOEWEN BLVD,33,R2,2016,appeared,high,2000400,0,2000400,TRUE,B&C--55373
451 - CITY OF STEINBACH,219000.000,177 BRANDT ST,14,R2,2016,appeared,high,1807800,0,1807800,TRUE,DESC 1/14-55740
500 - CITY OF BRANDON,84673.000,338 VICTORIA AVE,12,R2,2016,appeared,high,1759800,0,1759800,TRUE,DESC 16/20-78-8
500 - CITY OF BRANDON,23689.000,148 13TH ST,12,R2,2016,appeared,high,1615600,0,1615600,TRUE,4/7-56-2
448 - TOWN OF SNOW LAKE,34700.000,248 COPPER RD,18,R2,2016,expanded,low,2082500,506400,1576100,TRUE,A-830
451 - CITY OF STEINBACH,202630.000,302 FOURTH ST,12,R2,2016,appeared,high,1525100,0,1525100,TRUE,1/12-56682
451 - CITY OF STEINBACH,42275.000,35 CAMBRIDGE WAY,12,R2,2016,appeared,high,1467000,0,1467000,TRUE,B--55692
181 - RM OF RIDING MOUNTAIN WEST,13980.000,,14,R1,2016,expanded,low,2435000,1365600,1069400,TRUE,DESC NE32-22-28W
138 - RM OF LA BROQUERIE,113300.000,11 CHOISELAT UNITS 1-10 ST,10,R2,2016,expanded,low,1042400,163700,878700,TRUE,1--58175
300 - TOWN OF ARBORG,42000.000,331 FIRST AVE,10,R2,2016,appeared,high,849800,700,849100,TRUE,4--57935
411 - CITY OF DAUPHIN,54600.000,213 MAIN ST N,15,OTHER|R2,2016,appeared,med,857000,23600,833400,TRUE,DESC 8&13-10-243
560 - CITY OF THOMPSON,207200.000,37 CENTENNIAL DR W,8,R2,2016,appeared,high,821500,0,821500,TRUE,2-132-834
461 - TOWN OF VIRDEN,144800.000,580 EDGAR AVE,12,R2,2016,expanded,low,1514000,723200,790800,TRUE,13/15-3-2004
500 - CITY OF BRANDON,149971.000,711 11TH ST,6,R2,2016,appeared,high,758000,0,758000,TRUE,3/5-38-16
451 - CITY OF STEINBACH,103600.000,510 WILSON ST,29,INST,2016,expanded,low,913200,269700,643500,FALSE,2--70218
451 - CITY OF STEINBACH,320298.000,217 BISCAYNE DR,4,R2,2016,appeared,high,623500,0,623500,TRUE,8--54862
619 - TOWN OF GILLAM,1500.000,223 RAILWAY AVE,11,R2,2016,expanded,low,759400,142200,617200,TRUE,5-2-603
560 - CITY OF THOMPSON,132400.000,135 NICKEL RD,19,R2,2016,expanded,low,1021600,421100,600500,TRUE,4--49408
359 - MUNICIPALITY OF STE. ROSE,13400.000,613 - 615 THIRD AVE E,8,INST,2016,appeared,high,571700,0,571700,TRUE,17/18-16-204
333 - TOWN OF LAC DU BONNET,7105.000,86 4th ST,4,R1,2016,appeared,high,552500,0,552500,TRUE,3-16-1390
560 - CITY OF THOMPSON,132100.000,121 NICKEL RD,19,R2,2016,expanded,low,964500,420900,543600,TRUE,2--49408
500 - CITY OF BRANDON,27714.000,139 5TH ST,8,INST,2016,appeared,high,542600,0,542600,TRUE,DESC 31/32-65-2
451 - CITY OF STEINBACH,320296.000,209 BISCAYNE DR,3,R1,2016,appeared,high,512300,0,512300,TRUE,7--54862
500 - CITY OF BRANDON,90274.000,659 RIDEAU ST,3,R1,2016,appeared,high,496500,0,496500,TRUE,19/20-11-9
449 - MUNICIPALITY OF SOURIS-GLENWOOD,2200.000,19 3RD AVE W,23,R1|R2,2016,expanded,low,808000,364100,443900,TRUE,DESC 5/7&20/22-2-17
457 - TOWN OF THE PAS,114000.000,336 CROSSLEY AVE,4,R1,2016,appeared,high,442800,0,442800,TRUE,DESC 4/5-53-587
500 - CITY OF BRANDON,204503.000,1061 13TH ST,4,R1,2016,appeared,high,428700,0,428700,TRUE,DESC 38/40-11-193
443 - RIVERDALE MUNICIPALITY,16700.000,529 3RD AVE,4,R1,2016,appeared,high,419100,0,419100,TRUE,19/20-9-236
457 - TOWN OF THE PAS,114400.000,304 CROSSLEY AVE,4,R1,2016,appeared,high,410900,0,410900,TRUE,DESC 8-53-587
451 - CITY OF STEINBACH,425095.000,16 KOOTENAY WAY,4,R2,2016,appeared,high,382900,0,382900,TRUE,4-5-52695
550 - CITY OF PORTAGE LA PRAIRIE,192200.000,160B 1st ST NW,8,INST,2016,appeared,high,376600,0,376600,TRUE,406/410-12
500 - CITY OF BRANDON,67652.000,1128 6TH ST,3,R1,2016,appeared,high,375200,0,375200,TRUE,11/13-30-7
411 - CITY OF DAUPHIN,49000.000,217 MAIN ST S,3,OTHER|R1,2016,appeared,high,368600,0,368600,TRUE,9-7-243
500 - CITY OF BRANDON,67074.000,1151 5TH ST,3,R1,2016,appeared,high,360900,0,360900,TRUE,35/36-28-7
363 - TOWN OF TEULON,30200.000,112 BEACH RD E,24,INST|R2,2016,expanded,low,712400,373800,338600,TRUE,2--71015
407 - TOWN OF CARBERRY,15300.000,111 YOUNG ST,3,R1,2016,appeared,high,303500,0,303500,TRUE,21/22-21-44
167 - CARTWRIGHT-ROBLIN MUNICIPALITY,234150.000,545/555/ - 565/575 SOUTH RAILW,4,R1,2016,new_roll,med,296400,0,296400,TRUE,12/14--57032
457 - TOWN OF THE PAS,103300.000,19 2ND ST W,16,R2,2016,expanded,low,638800,348800,290000,TRUE,DESC 9/10-44-587
707 - INCORPORATED COMMUNITY OF CROSS LAKE,96362.000,601 SETTEE DR,5,R1,2016,appeared,high,269600,0,269600,TRUE,DESC 1-1-7480
192 - RM OF PRAIRIE LAKES,93339.000,,4,R1,2016,new_roll,med,223800,0,223800,TRUE,1--57947
163 - RM OF PORTAGE LA PRAIRIE,552400.000,60048 - 60052 ROAD 39 W,3,R1,2016,appeared,high,215400,600,214800,TRUE,DESC SE4-11-7W
560 - CITY OF THOMPSON,81900.000,20 FOX BAY,8,OTHER|R1|R2,2016,expanded,low,335000,139300,195700,TRUE,10-60-752
165 - RM OF RITCHOT,294940.000,1039 OLD PTH 59,36,R1|R2,2016,new_roll,med,150500,0,150500,FALSE,3--57061
323 - GILBERT PLAINS MUNICIPALITY,35700.000,109 - 115 SCHOOL ST,4,R1,2016,expanded,low,318400,198800,119600,TRUE,DESC 2-2-365
451 - CITY OF STEINBACH,139600.000,445 BARKMAN AVE,8,R2,2016,expanded,low,243900,130400,113500,TRUE,DESC 7--4651
163 - RM OF PORTAGE LA PRAIRIE,558120.000,36127 ROAD 61 N,7,R2,2016,expanded,low,243700,130600,113100,TRUE,1--70323
606 - RM OF GRAHAMDALE,462550.000,193 BIG ROCK RD,7,OTHER|R1,2016,expanded,low,232500,127900,104600,TRUE,DESC SE10-33-7W
461 - TOWN OF VIRDEN,62100.000,241 9TH AVE S,6,R1,2016,expanded,low,227400,126600,100800,TRUE,DESC 1/3--1093
